category_name,product_title,original_price,discount_price,dicount_rate
여행/티켓,[추가할인] 제주렌트카 완전/고급자차포함 특가! 전차량금연&후방카메라! 야간인수무료(~22시),12000,12000,
여행/티켓,오크밸리리조트(강원도/오크밸리/오크밸리리조트/원주여행/콘도추천/리조트/추천원주/콘도예약/콘도할인/당일예약/강원도숙소/가족여행),85400,79000,
여행/티켓,롤링힐스호텔(화성호텔/롤링힐스뷔페/화성롤링힐스호텔/경기롤링힐스호텔/가족호텔/화성롤링힐스호텔/특급호텔할인/가족수영장/화성호텔/경기호텔/호텔예약/경기도호텔/롤링힐스조식),155000,145000,
여행/티켓,제주도 렌터카 완전자차포함가 ~4/28 (신차조아/신차 블랙박스후방카메라/전차종금연/최신형/제주도 렌트카),17500,14900,
전체,[동원] 라이트 85g x 20캔 (외 고추참치 or 참치콘 중 택1) + 마요네즈or리얼킹or구구마우유죽or카놀라유),21600,15980,
스포츠/레저,[블랙야크&키즈] S/S 시즌 자켓&티셔츠 외 의류 스페셜혜택,14900,14900,
도서,15%추가쿠폰! [그린키즈] 홈스쿨링 워크북/놀이북세트 특가!,6900,6900,
여행/티켓,제주도렌트카 완전자차 한진렌터카 자차한도무제한,10000,7900,
여행/티켓,[강원] 태백선 눈꽃열차(영월~고한)+영월(선암마을/선돌/청령포) 당일버스여행/겨울눈꽃여행/ 서울경기出,31900,25900,
여행/티켓,[2~3월요금인하/제주 제주로] 전차종 후방카메라/경차 소형 준중형 중형~20년4월27일/고급자차포함가/신차최다보유/제주도 렌터카/제주로렌트카/신차,14900,12400,
가전,"[타임딜][쿠폰가15,840원]][유닉스] 신제품 로맨틱핑크 이온헤어드라이어 UN-B1613",22000,22000,
전체,[워너비20%쿠폰+투썸1만원]팸퍼스 베이비드라이 팬티/밴드 기저귀 2박스,106800,99800,
전체,"[타임딜] [배송비체험] 라네즈 래디언C X 레모나 짝꿍KIT, 6000명 선/착/순 체험단!",2500,2500,
전체,"[의약외품] 디펜스 프리미엄 손소독제 60mlx2개,3개 에탄올손세정제 / 휴대용청결제 유해균제거 알로에보습",11900,5900,
스포츠/레저,멜킨 트램폴린 점핑 운동 다이어트 방방이 유아 성인 트렘폴린,35000,30800,
스포츠/레저,[웨스트우드] S/S 베스트상품 특가전,10000,10000,
스포츠/레저,멜킨스포츠 치닝디핑 가정용철봉 모음전 포스 마스터킹 턱걸이기구 실내철봉,129000,113520,
도서,[세이펜 정기공구] 세이펜 특별구성,176000,176000,
도서,(T멤버십15%추가+스프링노트.형광펜외)20년1학기 우등생해법.백점 세트.우공비.동아전과.완자.한오개세트 초등.만점왕 초등문제집,30000,27000,
도서,[세이펜] 전집 골라담기/ 세이펜적용 인기 전집,35000,35000,
자동차/취미,[타임딜] 사무용품 문구 100종 데스크매트 포스트잇 볼펜 계산기 인주 칼 매직 클립 스테플러 테이프,3490,2900,
여행/티켓,제주 마레보리조트 새해맞이 특별가 예약(제주도호텔/제주도리조트/서귀포리조트/애월리조트/협재펜션/한림/애월수영장리조트/애월숙박/제주도펜션/제주도항공권/제주도렌터카/애월),66000,57000,
여행/티켓,[10%추가할인] 전북 전주한옥마을 자유여행 당일여행 셔틀버스 / 전주먹방투어/경기전/자만벽화마을 /서울경기出,17900,15900,
여행/티켓,[10%추가할인] 강릉 정동심곡 바다부채길 해안트레킹+정동진+안목해변커피거리 당일여행/국내여행/서울경기出,26900,23900,
여행/티켓,[전남] 광양 매화축제+구례 산수유꽃축제 2020 당일여행 / 봄꽃/봄여행/꽃여행/봄꽃축제여행/ 서울경기出,27900,24900,
패션잡화,SOVO 여성구두 펌프스 단화 로퍼 스웨이드 플랫슈즈 블로퍼 슬리퍼,30900,27900,
가전,"[하나카드:1,399,000원] LG 공식판매점 트롬 5벌 스타일러 S5MBA 살균 탈취 건조",1611820,1499000,
가전,"[최종구매가: 1,394,070원] 2019년형 LG 올레드 TV OLED55B9FNA 55인치",1611820,1499000,
가전,갤럭시 버즈 플러스 블루투스이어폰 SM-R175 / AKG튜닝 완전 무선이어폰,186770,179300,
가전,11번가 단독! 노비타 생활방수비데 BD-N310T {사은품 증정},139000,119000,
뷰티,"[타임딜] [배송비체험] 라네즈 래디언C X 레모나 짝꿍KIT, 6000명 선/착/순 체험단!",2500,2500,
가구/홈데코,시디즈 베스트셀러 TOP8 초특가 탭/링고/T30/T40/T50,147750,139900,
디지털,[사전판매 카드12%쿠폰] 삼성자급제 갤럭시 S20 / S20+ / S20 Ultra 사전판매 런칭! LTE/5G 유심호환,1248500,1248500,
e쿠폰/상품권,"[프로모션] Btv B포인트 30,000 p",23100,23100,
생활주방,"[의약외품] 디펜스 프리미엄 손소독제 60mlx2개,3개 에탄올손세정제 / 휴대용청결제 유해균제거 알로에보습",11900,5900,
전체,[모나리자] 보타닉포레 3겹 27M 30롤 3개 총90롤 천연펄프 화장지 휴지,33300,33300,
전체,[삼진어묵] 1953년부터 이어온 전통부산어묵 간식/반찬/어묵탕 골라담기,2000,1440,
전체,[워너비 10%+25%쿠폰+CGV] 질레트 대용량 모음,45500,45500,
전체,[한정수량] 베베숲 손소독제 핸드워시 네이처골드,12900,12130,
스포츠/레저,아디다스/나이키 외 신학기 스포츠패션 총집합,13900,13900,
스포츠/레저,최신상 NEW 숀리엑스바이크 x10 엑스텐 실내자전거/전신유산소운동/헬스자전거,179100,179100,
스포츠/레저,엑사이더 접이식 헬스자전거 CF-918B 실내자전거 헬스기구 엑스바이크,102150,89900,
도서,[T멤15%할인+사은품] 2020년 초등1.2학기 문제집/우등생해법수학/셀파해법수학/우공비/백점맞는수학/쎈수학/개념원리/디딤돌 국어.수학.사회.과학.영어.예체능 학년별 선택,14000,12600,
도서,T멤15%+사은품] 2020년 우등생해법 시리즈/백점맞는 시리즈/우공비 문제집/동아전과/우등생전과/쎈수학 세트 1.2.3.4.5.6학년 선택구매,37800,37800,
도서,T멤15%+사은품] 기적의계산법/기적의한글학습/기적의한글쓰기/기적의받아쓰기/기적의독서논술/팩토/소마셈/원리셈/세토독/기탄,37000,37000,
자동차/취미,[아이스타] 원목 연필/색연필꽂이,9900,9900,
자동차/취미,업계를 리드하는 기업 3sk택배박스!,33220,29900,
자동차/취미,[박스포유] 18시마감/ 당일출고/ 택배박스,32770,29500,
자동차/취미,[멀티탭 48종 1+1] 개별형/접지형/절전형/T형/2구/3구,5600,5600,
여행/티켓,[전남] 광양 매화축제 2020 당일여행 / 봄꽃/봄여행/꽃여행/섬진강매화축제/국내봄꽃축제여행/ 서울경기出,27900,24900,
여행/티켓,[부산] 명소탐방+먹방투어+야경 역무박여행 / 국제시장/흰여울문화마을/부산여행/국내여행/서울경기出,38900,34900,
여행/티켓,제주 노리매매화공원/제주여행코스 추천,3900,3500,
패션잡화,루이비통/고야드/생로랑/구찌/에르메스/샤넬/아울렛상품 가방 지갑 악세사리류 모음전,457000,457000,
패션잡화,"[슈펜] 신학기 필수템 5,000원부터! 최대 55%OFF!! 플랫/실내화/슬립온등",9900,9900,
패션잡화,[명품데이]샤넬/루이비통/구찌/생로랑 외 인기 아이템 추천 모음전,339000,339000,
가전,삼성공식파트너 JBL FLIP5 플립5 블루투스 스피커,140210,119000,
가전,필터형 정수기 브리타 마렐라2.4L/3.5L+필터1개월분(기본구성),37900,35900,
가전,삼성전자 갤럭시버즈 플러스 정품 레트로 TV 라디오 마이마이 케이스 모음전,38500,36960,
뷰티,[20%+17%]경수진 PICK 싸이닉! 전품목 1+1에 사은품까지,10000,9900,
뷰티,"#국민스킨, 라네즈 크림스킨 + 래디언C/레모나 짝꿍KIT + 드로잉메리 손거울 증정! 외 BEST!",28000,22400,
뷰티,[20%중복쿠폰] 헤드앤숄더 샴푸/린스 850mlx3개 + 3종 증정품,29900,20500,
가구/홈데코,[일룸] 학생 책상 BEST / 링키 및 링키스마트 책상 모음전 (14종 中 선택),319000,319000,
가구/홈데코,시디즈 링고 학생용의자+발받침(SNA509ACF/SNA509AV),157370,149000,
가구/홈데코,[시디즈] T40 시리즈 T402HLA 화이트쉘 메쉬의자,210170,199000,
디지털,갤럭시 A90 5G 128G,699600,399600,
디지털,갤럭시 S20 플러스 5G 256G SKT 단독혜택! 카드+T멤+SK pay 추가적립+경품,1353000,1353000,
디지털,갤럭시S20울트라/플러스/노트10/노트9/노트8/S10/아이폰11/프로/맥스/8/7 케이스&보호필름 특별 모음전,19900,10900,
e쿠폰/상품권,버거킹 커피 구독 서비스 30일권 아메리카노 30잔,4900,4900,
e쿠폰/상품권,[롯데시네마] 2인 2D 영화관람권,22000,15200,
e쿠폰/상품권,[롯데시네마] 1인 2D 영화관람권,11000,7900,
e쿠폰/상품권,[롯데시네마] 스위트콤보,9000,6500,
생활주방,[모나리자] 보타닉포레 3겹 27M 30롤 3개 총90롤 천연펄프 화장지 휴지,33300,33300,
생활주방,[워너비 10%+25%쿠폰+CGV] 질레트 대용량 모음,45500,45500,
생활주방,[다우니] 초고농축 섬유유연제 1Lx6개+다우니 세제450ml*2개 or 200ml*3개,25900,22900,
생활주방,100% 국내원자재 헤파원단 H11 H13 만들어쓰는 초간단 수제 마스크 미세먼지 황사 일회용마스크 DIY,7900,6800,
전체,[사전판매 카드12%쿠폰] 삼성자급제 갤럭시 S20 / S20+ / S20 Ultra 사전판매 런칭! LTE/5G 유심호환,1248500,1248500,
전체,[산과들에][10%+15%][랜덤사은품 증정] 하루 한줌 견과류 대용량 100봉 DIY 선물세트 Best 구성 8종 / 호두,28900,28900,
전체,[아임웰] 박민영의 닭가슴살 도시락/곤약밥/곤약떡볶이 외 전제품 골라담기,2220,2220,
전체,[26일 단하루] 자극없는 부드러움 러브 5팩+2팩 더/생리대/팬티라이너/입는 오버나이트/슈퍼롱/산모패드,12900,12900,
스포츠/레저,[아이더] 봄 패딩 바람막이 등산바지 외 이월 신규템 모음,17900,17900,
스포츠/레저,"[웨스트우드]봄 인기상품 점퍼/티셔츠/팬츠 6,900원 부터!",10000,10000,
스포츠/레저,[나이키] 나이키 운동화 신발 스니커즈 런닝화 단화 에어포스,89000,89000,
스포츠/레저,자모 스마트 워킹패드 자동속도조절 ZMWPA2 / 워킹머신 / 런닝머신 / 실내운동기 똑똑한 홈트레이닝 실내운동기구,599000,499000,
도서,"[오늘 하루! 15% Coupon 적용 126,650원] 레인보우 세이펜 R3-2000 32G + 정품충전기 특별가 세트",149000,149000,
도서,15%추가쿠폰! [천재교육] 지식 탐험 스티커북 3종 세트(동물탈것명화) - 세이펜 적용 가능,13000,13000,
도서,"[키즈하우스] 한글수 스티커북 (전 24권 세트_한글 12권,수학 12권) 엄마표 홈스쿨링/놀이처럼 배우는 한글 숫자",55000,27900,
남성의류,[25%쿠폰][공식] 폴햄x프로젝트엠 아이템 베스트 모음전! 최대 86%!!,10000,9900,
식품,[동원] 라이트 85g x 20캔 (외 고추참치 or 참치콘 중 택1) + 마요네즈or리얼킹or구구마우유죽or카놀라유),21600,15980,
출산/유아,[워너비20%쿠폰+투썸1만원]팸퍼스 베이비드라이 팬티/밴드 기저귀 2박스,106800,99800,
자동차/취미,스위스 밀리터리 알카라인 건전지 40알 20알 특가 AA AAA C D 6v 9v 12v,9880,8500,
자동차/취미,네임에이드 1+1 고해상도 방수네임스티커/이름스티커,890,840,
자동차/취미,[듀라셀] 알카라인 건전지 AA/AAA 20개x2개(40알),18900,18900,
자동차/취미,[빠른배송] 삼성 디지털 도어락 SHP-DH520/블루투스/카드키2개,159000,138250,
여행/티켓,[10%추가할인] 담양 죽녹원(대나무축제)+메타세쿼이아 가로수길+전주 한옥마을 당일여행 /국내여행 / 서울경기出,29900,26900,
여행/티켓,"소노문 델피노(구 델피노 골프 앤 리조트 A,B동/델피노A,B동/대명/대명콘도/오션플레이/아쿠아월드/델피노/설악대명/강원도리조트/아쿠아월드/설악산/강원/강원도/국내숙박추천/국내여행추천/숙박/국내숙박)",91000,82000,
여행/티켓,|제주|아쿠아플라넷+4랑이 담긴 4가지혜택|제주여행|제주아쿠아리움|제주수족관,25300,22900,
패션잡화,20년 신상 크록스/크록밴드/아동부츠/샌들/슬리퍼 모음,15900,15900,
패션잡화,[라코스테/프레드페리]신학기 맞이 스니커즈&샌들 총 집합 43종 택1,39000,39000,
패션잡화,[명품 7%+7%] 구찌/생로랑/비비안웨스트우드 명품 지갑/가방 인기 상품 제안전 최대 70%,115000,115000,
가전,브리타 정수기 모음전! 막스트라필터 3+1개월분,25500,23900,
가전,[엠지텍] 2020년 2월 최신형 아이언V65 블루투스이어폰/IPX8완전방수/배터리잔량표시/162시간재생 하이-튜닝드라이브,103120,99000,
가전,"[에어메이드]저소음 듀얼 대용량 에어프라이어 아이쿡 AF-700AS 7L/5.2L (대용량, 전기오븐, 튀김기)",129000,99000,
뷰티,[네이처리퍼블릭] 11번가 단독 행사!  (손소독제/틴트/파운데이션/퍼프선),20000,10000,
뷰티,이니스프리 핸드크림 1＋1 / 트루케어 특별전,24000,12000,
뷰티,[쿠폰10%+20%] 버츠비 친환경 새학기SET 외 BEST&NEW ~75%/구매금액,12000,7800,
가구/홈데코,[시디즈] T20 TAB+(탭플러스) TX200HF 메쉬의자,147750,139900,
가구/홈데코,[시디즈] T50 air 시리즈 T500HLDA 에어-화이트쉘 메쉬의자,336920,319000,
가구/홈데코,"[슬로우 토퍼 7.0] VIP 10% 단, 하루! 최저가 도전",298900,239900,
가구/홈데코,누적판매 1위 라폼 천연라텍스 매트리스 좋은 잠을드리는 토퍼매트리스 3.5-8.5cm 두께,139000,138000,
디지털,[LG전자] [최종혜택29만]G패드5 10.1 LMT605 WiFi 32G WiFi전용,346310,329000,
디지털,[7%다운로드+아카데미]인증점 삼성 갤럭시탭A 8.0 With S-Pen 2019 SM-P200 WiFi 32GB,300000,285000,
디지털,강화유리/풀커버 액정보호 방탄 필름 갤럭시노트10플러스 S10E 노트9 노트8 S9 아이폰11 프로맥스 XS V50 G,19000,14900,
생활주방,[26일 마트데이 10%+20%]크리넥스 3겹 천연펄프 데코소프트 화장지 27m 30롤X2팩/화장지/롤휴지/두루마리,38800,38800,
생활주방,[2/26일 마트데이 10%+20%]잘풀리는집 명작순수 30Mx30롤x2팩/휴지/화장지/각티슈/키친타올,32900,32900,
생활주방,NEW 순백 블루 3겹 화장지 27m 30롤 x 3팩,31900,31900,
전체,[다우니] 초고농축 섬유유연제 1Lx6개+다우니 세제450ml*2개 or 200ml*3개,25900,22900,
전체,100% 국내원자재 헤파원단 H11 H13 만들어쓰는 초간단 수제 마스크 미세먼지 황사 일회용마스크 DIY,7900,6800,
전체,"[타임딜][쿠폰가15,840원]][유닉스] 신제품 로맨틱핑크 이온헤어드라이어 UN-B1613",22000,22000,
스포츠/레저,멜킨 스텝퍼 2종 트위스트 하체 유산소 실내 운동기구,39900,32480,
스포츠/레저,[K2] 간절기 남녀 등산 자켓/조끼/바지/티셔츠 모음,23000,23000,
도서,T맴15%할인+선물) 기탄수학/기탄큰수학/기탄사고력수학/기탄한글/기탄국어/기탄영어/기탄한자/한글떼기/수셈/ABC/새국어/A~M 단계,25000,22500,
도서,15%추가쿠폰! 3~7세 두뇌발달 홈스쿨 워크북 + 과목별 신학기노트,26000,22500,
도서,15%추가쿠폰! [대교] 눈높이한자 - 어휘력과 공부 자신감 향상프로그램 (3/6개월),69000,69000,
남성의류,올젠/에디션 간절기/봄  셔츠/니트/점퍼/면바지,19900,19900,
남성의류,[에잇세컨즈]브랜드 SALE 봄맞이 아울렛 특가~70%OFF,25900,7900,
남성의류,크리스크리스티 2020봄 아우터/니트/셔츠/팬츠 100종 모음!,10000,10000,
식품,[삼진어묵] 1953년부터 이어온 전통부산어묵 간식/반찬/어묵탕 골라담기,2000,1440,
식품,[산과들에][10%+15%][랜덤사은품 증정] 하루 한줌 견과류 대용량 100봉 DIY 선물세트 Best 구성 8종 / 호두,28900,28900,
식품,[아임웰] 박민영의 닭가슴살 도시락/곤약밥/곤약떡볶이 외 전제품 골라담기,2220,2220,
출산/유아,[한정수량] 베베숲 손소독제 핸드워시 네이처골드,12900,12130,
출산/유아,[26일 단하루] 자극없는 부드러움 러브 5팩+2팩 더/생리대/팬티라이너/입는 오버나이트/슈퍼롱/산모패드,12900,12900,
출산/유아,[10%%+20%쿠폰] 앙블랑 아기물티슈 민트캡형 10팩,17400,17400,
출산/유아,[26일 마트데이 5%+20%]페넬로페 미라클 외 기저귀 특별전!,32800,32800,
자동차/취미,3M 원터치 테이프 디스펜서 / 스카치테이프 가위 박스테이프 포스트잇 스터디메이트,18800,18800,
자동차/취미,고급 반코팅장갑 100켤레 백/청/황코팅 코팅장갑 면장갑 목장갑,17000,14760,
자동차/취미,[신학기!15%쿠폰!]루미큐브 22종 모음 ! 모든 루미큐브의 종류가 다 있다 !,14900,14160,
여행/티켓,[강원] 태백산 천제단 눈꽃트레킹(+눈축제/석탄박물관) 당일여행 /눈꽃여행/겨울축제여행 / 서울경기出,23900,21900,
여행/티켓,[경기] 2/29출발확정 탄도항 누에섬/ 대부도 해솔길/ 안산식물원,13900,12900,
여행/티켓,무주 밀모빨강치마리조트 (전라도여행/국내리조트할인/국내여행추천/무주리조트/캥핑리조트/여행/국내숙박추천/국내여행추천/숙박/국내숙박),49500,46000,
패션잡화,[아키클래식 본사]새봄맞이 10+20% 더블다운!!브랜드 운동화 신발 어글리슈즈 여성운동화 남자 커플 봄신상,29900,29900,
패션잡화,[소다]20%쿠폰+11%T멤버십! 최대70% 남성화BEST 모음!,49000,49000,
패션잡화,[제니아]10%+20%쿠폰!남녀화 슈즈 모음전,28000,28000,
패션잡화,"[블랙마틴싯봉]20S/S 신상 및 이월 스니커즈, 슬립온 등 최대 81% OFF!!",34000,34000,
가전,삼성전자 그랑데 건조기 16kg DV16R8540KW + 추가구매 옵션,1360630,1279000,
가전,삼성전자 그랑데 건조기 14Kg DV14R8540KV 블랙 케비어,1266660,1159000,
가전,[공식인증점] 갤럭시 버즈 플러스 블루투스 이어폰 SM-R175/2WAY 스피커/통화품질향상,186770,179300,
가전,LG 포켓포토 PC389 포토프린터 즉석카메라 핸드폰 사진인화,159000,149460,
뷰티,[마트데이 10%+20%] 로레알파리 헤어팩/오일/샴푸/린스/세럼 BEST,11900,11900,
뷰티,[쿠폰10%+20%] 메이블린뉴욕 커버의정석 쿠션봉/핏미컨실러/이사배콜로썰마스카라 외 BEST 할인+증정,10000,9900,
뷰티,[쿠폰20%+T22%+적립]닥터자르트 선케어1+1 외 ~50% 브랜드세일,10000,9300,
뷰티,[~20%할인] 어퓨 졸업/입학/취업 축하 Up to 50% 선물 기획전,10000,5000,
가구/홈데코,[KCC] [KCC창호] 프리미엄 패키지 외부창/ 34평&비확장 실측 방문시 손세정제 증정!,6380000,4470000,
가구/홈데코,[일룸] 이타카네오 독서실 책상 (의자 불포함) / 1인 중고등 학생 스터디 학원 프리미엄 독서실,369000,369000,
가구/홈데코,더릭스 기절 마약매트리스 침대 접이식 바닥 토퍼 메모리폼 라텍스 3단 수면매트,42000,35700,
가구/홈데코,[일룸] 델타 소파 테이블 / 높이 조절 수납 리프트업 거실 탁자 리프트 쇼파 테이블,249000,249000,
디지털,"[샤오미] 샤오미 미밴드4 (블랙) 정품 한글판 국내정식발매 A/S가능 국내당일발송, 포토리뷰 붕괴 3rd 게임쿠폰 증정 행사",39440,31900,
디지털,[삼성전자] 갤럭시워치 액티브2 스마트워치,299200,244000,
디지털,iPad mini 5세대 (모델 / 색상 선택),510410,490000,
디지털,[로지텍] 로지텍코리아  스포트라이트 무선 프리젠터,99000,99000,
생활주방,오랄비 BEST [초미세모/토탈/잇몸케어] 칫솔 12입 모음,10900,8500,
생활주방,[꿀잠자기]뻑뻑한눈 촉촉하게 온열 아이마스크10매/노폐물흡수 발패치,12900,8900,
생활주방,[한예지] 화장지 3겹 30롤 3팩 모음전,25800,25800,
생활주방,[모나리자] 모나리자 미용티슈 250매 3입 4개 총12개 각티슈,20700,20700,
전체,[대천김] 해의락 대천김 20g 10봉 직불에 두 번 구운 전장김 26일 단 하루만! 결제고객에 한해 사은품 증정,10900,7900,
전체,"[쿠폰가20,970원][본사직영]고려은단 골드플러스 150정",33000,27400,
전체,[타임딜] 사무용품 문구 100종 데스크매트 포스트잇 볼펜 계산기 인주 칼 매직 클립 스테플러 테이프,3490,2900,
스포츠/레저,[공식] FILA S/S 신상 슈즈 외 신학기 패션 COLLETION,29000,29000,
스포츠/레저,반석스포츠 비스펙 치닝디핑 철봉 턱걸이 홈트,59800,59800,
스포츠/레저,[나이키 뉴발란스 아디다스 엠엘비 정품]빅볼청키 운동화 어글리슈즈 모음,55800,55800,
도서,15%추가쿠폰! 생생 만들기 3종 선택구매! 공룡시대/동물의 왕국/탈것나라,6000,6000,
도서,T맴15%할인+선물) 소마셈 P K A B C 단계 세트 수학연산 soma(개정판) / 유아 5세~초등3학년,47600,42840,
도서,[T멤버십+사은품] 2020 EBS 초등 기본서 만점왕 시리즈 1~6학년! 수학/국어/과학/사회/세트/단원평가,11500,10350,
남성의류,NII/크리스크리스티 봄 BEST 아우터/맨투맨/니트외 100종!,10000,10000,
남성의류,폴로 타미힐피거 캘빈클라인 갭 맨투맨/후드집업/후드티/가디건 패션 의류 모음전,12900,12900,
남성의류,[20%쿠폰]어커버 20s/s 신상 발매기념 특가! 후드/맨투맨/팬츠,42000,12900,
남성의류,추가25%[by파크랜드]보스트로/오스틴리드 봄 스타일 초이스/정장/자켓/셔츠/니트/팬츠,12900,12900,
식품,[대천김] 해의락 대천김 20g 10봉 직불에 두 번 구운 전장김 26일 단 하루만! 결제고객에 한해 사은품 증정,10900,7900,
식품,"[쿠폰가20,970원][본사직영]고려은단 골드플러스 150정",33000,27400,
식품,[호텔조리장 고동원 쉐프] 건강 보양식 사골도가니탕 600g*3개외/육개장/곰탕/갈비탕,14900,12700,
출산/유아,리틀스텔라 입점기념 최대 68%할인! 20년 S/S 봄신상 특가! 추가10%쿠폰까지 원피스/티셔츠/맨투맨/팬츠,21630,21630,
출산/유아,[워너비20%쿠폰+더스터1P]팸퍼스 베이비드라이 팬티/밴드 기저귀 1박스,59900,54900,
출산/유아,[02/26 단하루! 10+20%] 페넬로페 신학기에디션 피치베이지 캡형 외 특별전,18000,18000,
자동차/취미,[신학기15%쿠폰]삼익악기 신학기 준비물 교재악기 멜로디언/실로폰/리코더/리듬세트/오카리나,10000,10000,
자동차/취미,비앤티박스/최고의품질/착한가격/총알배송/당일퀵배송,35000,30690,
자동차/취미,[신학기잇템15%쿠폰][ALESIS] 알레시스 멜로디 61 MK II 포터블 키보드 Designed by U.S.A,119000,119000,
자동차/취미,[보쉬]10.8V 충전전동드릴 GSB 1080-2LI(1B)/콘크리트OK!/액세사리100P포함/GSB1080/GSB1080-2LI,131200,107570,
여행/티켓,[강원] 삼척 초곡 용굴촛대바위길+묵호(논골담길/어시장/묵호등대)+동해 해안선열차 당일여행 /서울경기出,28900,26900,
여행/티켓,|제주|메종글래드제주 삼다정 런치 뷔페+석부작박물관입장혜택+혜택몰빵,45000,41900,
여행/티켓,강원 휘닉스평창(국내숙박/휘닉스/스키/스키패키지/스키렌탈/렌탈패키지/스키시즌/평창휘닉스/휘닉스파크/스노우빌리지/블루캐니언/케이블카/곤도라/국내여행추천/휘팍/휘닉스콘도/휘닉스리조트),80000,74500,
여행/티켓,[강원] 속초 먹방투어(중앙시장+아바이마을)+강릉 커피거리 당일여행/안목해변/국내패키지/서울경기出,23500,21900,
패션잡화,[10%+20%쿠폰] 비비안 팬티스타킹10매 벌크 학생 압박 밴드 덧신 판타롱 기모 레깅스 타이즈 겨울 융,10000,9900,
패션잡화,[10%+20%+T멤22%] 가나양말 봄신상 양말 최대 20켤레 279원/ 남자 여자 학생 발목 덧신 페이크삭스 모음전,10000,10000,
패션잡화,[10%+20%+T멤22%]신상패션양말/골지/발목/페이크삭스/실리콘덧신,10000,10000,
패션잡화,[명품데이] 프라다/구찌 외 인기 명품 가방/지갑/슈즈 모음전,150000,150000,
가전,3M공식대리점 USF-C 직수형 언더씽크 정수기 본품,89000,89000,
가전,11번가 단독) 알로코리아 미세먼지 공기청정기 A100 헤파필터 H13 거실 원룸 가정용 공부방 아이방 사무실,79000,79000,
가전,대우 디지털 에어프라이어 3.5L 대용량 사각형 원형 튀김기,69900,59900,
뷰티,[VIP10%+20%] 땡큐박스/레드블레미쉬/필링젤/선크림/유산균클렌징 外,17300,17300,
뷰티,[맥퀸뉴욕_MQNY] 셀프 속눈썹 펌 세트 2월 신상출시! ~74% 브랜드세일+금액대별사은품+무료배송,8900,8900,
뷰티,[홀리카홀리카] 신상 러브컬렉션/테라조섀도우팔레트/아이메탈글리터 외 BEST ~61%,20000,9900,
뷰티,[10%+25%할인] 미샤 20주년 더더더 즉시할인! 최대 3.5만원 금액대별 할인,20000,10000,
가구/홈데코,누적판매 1위 컴퓨터/책상/학생/사무용의자,40000,34000,
가구/홈데코,[일룸] 링키 600폭 책장 / 초등 학생 학습 아이방 책꽂이 선반 높이 조절 이동 가능,143000,143000,
가구/홈데코,한샘 샘파레트 책장 5단 120cm 시공 외,89000,80100,
디지털,앱코 K660 카일 리니어 게이밍 기계식키보드 [ 포토상품평 참여시 장패드 100%증정],39900,39900,
디지털,삼성외장하드 인증점 J3 2TB A/S 3년,113280,84900,
디지털,갤럭시 S20 5G 128G SKT 단독혜택! 카드+T멤+SK pay 추가적립+경품,1248500,1248500,
생활주방,다우니 겨울 한정판 출시! 엑스퍼트/ 퍼퓸 초고농축 섬유유연제 1LX6,29900,25900,
생활주방,[20%+10%쿠폰+사은품]스위퍼 더스터 먼지떨이 핸들/리필+테이프 클리너+더스터 샘플,11900,11900,
생활주방,[10%+20%]*1980M대용량! 리빙 라벤더향 롱~화장지 33M 3겹 30롤x2팩 /휴지/두루마리휴지,20900,20900,
생활주방,퍼실 딥클린 라벤더 드럼/일반 용기 2.7L x2개+ 퍼실 라벤더 300ml x3개,28300,28300,
전체,[호텔조리장 고동원 쉐프] 건강 보양식 사골도가니탕 600g*3개외/육개장/곰탕/갈비탕,14900,12700,
전체,[샘표] 바지락 칼국수 10봉지+1봉지증정 6종 택2 골라감기,12360,11130,
전체,[10%%+20%쿠폰] 앙블랑 아기물티슈 민트캡형 10팩,17400,17400,
스포츠/레저,[2020년신제품]던롭 젝시오 GGC-X111 어쎈틱 2.9kg초경량 9.5인치 캐디백 보스톤백세트-5종칼라,299000,299000,
스포츠/레저,이고진 요가용품 친환경 실내 와이드 요가매트 NBR TPE 폼롤러 필라테스링 짐볼 고무밴드,14000,10920,
스포츠/레저,[마모트] 봄 이월 신규입고 자켓 티셔츠 외 상하의,12000,12000,
도서,T멤15%+사은품) 2020 1학기 우등생해법시리즈세트/백점맞는시리즈/동아전과/우공비자습서/우등생전과/완자 세트 1.2.3.4.5.6학년(선택),42000,37800,
도서,"[T멤버십+사은품] 흔한남매 1,2,3권/흔한남매 안 흔한 일기 1 선택구매",11000,9900,
도서,[무배+T멤15%]개정판 기적의계산법 1 2 3 4 5 6 7 8 9 10 11 12 단계 선택/초등 수학 문제집,8000,7200,
남성의류,[BON] 2월 25일 단하루 SS이월 신상 베스트 모음 셔츠/정장/코트 外,15000,15000,
남성의류,[르젠]봄신상  남성코디 아이템 봄자켓/트렌치코트/슬랙스/면바지/셔츠/봄니트/긴팔티/맨투맨,14900,11900,
남성의류,[플루크] M~2XL 남자/여자 맨투맨/후드티/후드집업/오버핏,24800,24800,
식품,[샘표] 바지락 칼국수 10봉지+1봉지증정 6종 택2 골라감기,12360,11130,
식품,서울 흰우유200mlx24입/초코우유/딸기우유,12200,10890,
식품,[제주농협] 귤로장생 천혜향1.8kg+한라봉1.8kg 만감2종,20900,20900,
출산/유아,아넬라 로지오가닉 2월26일 행사 과일퓨레 배도라지푸룬 아이간식,34900,34900,
출산/유아,[26일 마트데이 5%+20%]보솜이 액션핏/원더팬티/리얼코튼/베이비케어 4팩 특가전,42900,42900,
출산/유아,오랄비 (어린이 칫솔) 스테이지스 1-4단계 칫솔 12입,28500,20500,
자동차/취미,보쉬 충전 전동드릴 세트 GSB 10.8-2-LI  (1B) + 두루마리 100PCS,145000,131040,
자동차/취미,피톤치드 공기청소기 케어로 연무소독기 항균 탈취 새집증후군 관리 우한 폐렴 예방,142000,129010,
자동차/취미,보쉬 18V 충전전동드릴 GSR 18V-21(1B_1.5AH)액세사리100p포함/GSR18V-21,148900,135500,
여행/티켓,[10%추가할인] 제주 더마파크 자유이용권 BIG 2/3/4,15500,14500,
여행/티켓,[백두대간 협곡열차] V트레인 + 부석사 낭만여행[날짜별추가금발생할수있습니다][11월1일부터 변경된 취소수수료규정 적용],81000,75900,
여행/티켓,소노캄 거제/구 대명리조트 거제마리나(국내여행/거제리조트/거제호텔/거제도여행/거제도숙박/대명리조트/국내숙박추천/거제대명/거제대명리조트/국내여행추천/숙박/국내숙박),151000,142000,
패션잡화,"프라다,버버리,구찌 외 베스트 특가전",195000,195000,
패션잡화,스와로브스키 본사입점! 손예진 주얼리 단독특특가+무료배송+백화점as,30870,30870,
패션잡화,[22%+T멤22%]더빨강양말 최대13켤레/발목양말/중목양말/패션양말,10500,10000,
가전,[카드7%추가할인]벨로닉스 워터텍 구강세정기 SHWT-1800 / 구강세정기 / 휴대용 치아세정기,59900,59900,
가전,[파세코] 석유난로 PKH-23 석유히터 심지 캠핑 기름 난방기 D1,198000,198000,
가전,[홈쇼핑 인기상품] 이스타 대용량 12L 에어프라이어 / 오븐 / 에어프라이어 / 로티세리,129000,109000,
뷰티,[쿠폰30%] 실검장악! 조성아 세럼스틱/톤커버스틱/16브랜드3초섀도우/쉐딩 ~81%,10000,5900,
뷰티,케라시스 퍼퓸 샴푸/린스 600ml x5개~ 베스트 헤어케어,19000,19000,
뷰티,[10%+20%] 토니데이 기초/색조 BEST~82% (+커피쿠폰),20000,10000,
가구/홈데코,[11번가단독]한샘 우노 붙박이장 3컬러_행거형/선반형/고급형,608200,547380,
가구/홈데코,로이모노 학생방 시리즈 / 1200폭 1400폭 책상 4단 서랍 슈퍼싱글 침대 매트리스 슬라이딩 옷장,499000,499000,
가구/홈데코,[20%쿠폰]삼익가구 버나드 거위털+라텍스 천연소가죽 4인용 소파/쇼파,474000,402900,
디지털,갤럭시 노트10 플러스 5G 256G,1397000,1227000,
디지털,[애플] iPhone 11 128GB 옐로우 자급제 언락폰 MWM42KH/A 아이폰11 애플코리아 공식인증 정품 공기계,1060000,1007000,
디지털,[10%+중복쿠폰]공식파트너 삼성 갤럭시탭S6 10.5 256G SM-T865 LTE /태블릿PC/테블릿/타블렛/패드/인강,999900,929900,
디지털,iPhone 11 128G,1056000,986000,
생활주방,[모나리자] 스마트데코 3겹 27M 30롤 3개 총90롤 화장지 휴지,31800,31800,
생활주방,[모나리자] 플라워 2겹 40M 30롤 3개 총90롤 화장지 휴지,33200,33200,
생활주방,[1+1패키지] 해피콜 컴포트 다이아몬드 후라이팬 & 궁중팬,29900,29900,
생활주방,[10%+20%+본품1L추가!]피죤 초고농축 1Lx3개+1L추가 1.7Lx2개+1.7L추가 리치퍼퓸 시그니처 섬유유연제,11900,11900,
전체,갤럭시 A90 5G 128G,699600,399600,
전체,서울 흰우유200mlx24입/초코우유/딸기우유,12200,10890,
전체,[제주농협] 귤로장생 천혜향1.8kg+한라봉1.8kg 만감2종,20900,20900,
전체,포스트 오레오 오즈/레드 500gx2개+랜덤,14300,12870,
스포츠/레저,[이화에스엠피] [가격인하]신개념 엘브릭스 전동거꾸리/스트래칭/무료배송/영상참고,199000,199000,
스포츠/레저,[카파]성인 남여 간절기 의류 총집합전! 플리스집업/트레이닝/후드/윈드 브레이커!,21900,21900,
스포츠/레저,[아디다스 나이키 정품] 신학기 준비완료! 트레이닝팬츠 레깅스 맨투맨 상하의세트 신학기 백팩 딜,15500,15500,
도서,T멤할인! [무료배송+사은품] 2020 EBS 수능특강 영어/국어/수학/사회탐구/과학탐구 선택구매,5300,4770,
도서,T맴버쉽15%+선물) 2020년 개념플러스유형 초등수학 라이트 파워 교과서 개념잡기 1학기 2학기,12500,11250,
남성의류,30%쿠폰!국민속옷 BYC/TRY 5종세트外 남성트렁크/드로즈/남여런닝/동내의세트/아동속옷,10900,10900,
남성의류,[인디안/브루노바피/트레몰로] 2020 봄 인기상품 아우터/니트/셔츠外 100종 모음,10000,10000,
식품,포스트 오레오 오즈/레드 500gx2개+랜덤,14300,12870,
식품,10%+15%! 머거본 BEST 간식 꾸이큰통 290G x2통외 (육포/어포/견과),12900,12900,
식품,MISURA 통밀도너츠 230g * 3입 MISURA 득템 찬스,9900,9900,
출산/유아,[대디오대디]봄신상/아동복/유아복/맨투맨/면바지,10000,8800,
출산/유아,[26일 마트데이 5%+20%]애플크럼비 친환경 프리미엄 기저귀 밴드/팬티 전사이즈 6팩,49900,49900,
자동차/취미,에이블루 박스탭 멀티탭 모음전 정리함 전선정리함 디자인 5구 USB충전형,37900,29900,
자동차/취미,One Top 애견간식 강아지간식 강아지껌 개껌 강아지캔 강아지사료 애견사료,1100,990,
자동차/취미,레고 어벤져스 겨울왕국 DC 베트맨 테크닉 해리포터 시티 아키텍쳐 히든사이드 닌자고 듀플로 기획전 100종,19900,19900,
여행/티켓,|전남| 홍도 흑산도 1박2일/2박3일(선택/목포집결) / 섬여행/홍도흑산도여행/비금도도초도/매일출발,169000,159000,
여행/티켓,[객실패키지]제주 휘닉스 섭지코지 사계절온수풀4인+사우나4인+키즈플레이존+미술관입장권제공(제주휘닉스/제주섭지코지/섭지코지제주/제주여행/제주숙박추천/섭지코지/제주도휴양지/제주도섭지코지/서귀포숙박),159000,149900,
여행/티켓,베스트웨스턴플러스 아일랜드캐슬호텔(의정부워터파크/의정부/경기도/아일랜드/아일랜드캐슬/베스트웨스턴/서울워터파크/서울인근물놀이/워터파크/물놀이),79000,74500,
여행/티켓,주문진더블루힐리조트(강원도여행추천/주문진/블루힐리조트/주문진항/강원도/강릉/콘도/리조트/수영장/숙소추천/국내숙박추천/국내여행추천/숙박/국내숙박),97000,92000,
패션잡화,[10%+20%+T멤22%]허니삭스 신학기양말/벗겨지지않는덧신/페이크삭스/니트/앙고라/기본양말,9900,9900,
패션잡화,[밀로니] 10%+20% 트렌디 쥬얼리 14k 귀걸이 반지 목걸이 팔찌,28000,28000,
패션잡화,[영국 현지 아울렛] 구찌 버버리 끌로에 발렌시아가 보테가베네타 프라다 등 인기 아이템 관부가세 포함,258000,258000,
패션잡화,[조셉앤스테이시] 신학기 필수템! NEW&BEST 니트백/컨버스백/지갑 모음전,49800,49800,
가전,돌체구스토 에스페르타 캡슐 커피머신 + 스타벅스 베란다 블랜드 캡슐 1박스 패키지,159000,146900,
가전,"취향저격 디자인 라이프썸 핸디형청소기, 미니고데기, 자동손세정기, LED거울 집꾸미기 필수아이템",25900,25900,
가전,"원더스리빙 W3 무선 물걸레청소기 / 원터치 물분사 / 전면 LED라이트 / 강력한 왕복운동 분당1,000회",69000,69000,
가전,필터형 정수기 브리타 플로우 8.2L+필터1개월분 (기본구성),69900,63900,
뷰티,[~25%할인] 미샤 20주년 색조/클렌징 최대 3.5만원 금액대별 즉시할인!,20000,10000,
뷰티,NEW 삐아 럭키샤인틴트/벨벳립틴트/젤라이너/펜라이너/섀도우/블러쉬/피넛블로썸/섀딩~37%,6000,6000,
뷰티,[쿠폰10%+20%]마녀공장 클렌징&미백 단 하루 특가전! 오일/앰플/에센스+추가사은품 증정,10800,10800,
가구/홈데코,[일룸] 링키 or 링키 스마트 책상 + 시디즈 링고 의자 / 정면 각도 조절 초등 학생 책상 의자 포함 세트,319000,319000,
가구/홈데코,베네폼 3D힙레스트 1개 비스코폼 자세교정방석,37500,37500,
가구/홈데코,[11번가 단독]한샘 샘키즈 수납장 1305 솜사탕핑크 30종/택1,143000,128700,
디지털,[공식인증점][10%다운로드+아카데미] 삼성 갤럭시탭S6  128GB LTE SM-T865/테블릿pc/태블릿pc/태블릿,898700,835700,
디지털,[7%쿠폰]공식파트너 삼성 갤럭시탭A 8.0 2019 SM-T295 32GB/태블릿PC/테블릿/타블렛/패드,210420,199900,
디지털,[10%+중복쿠폰]공식파트너 삼성 갤럭시탭S6 10.5 256G SM-T860 WiFi /태블릿PC/테블릿/타블렛/패드/인강,898700,835700,
디지털,[10%+추가다운로드+아카데미]인증점 삼성 갤럭시탭S6 10.5 SM-T865 LTE 128GB,898700,835700,
생활주방,[02.26마트데이][11%증량]비트 액체세탁세제 일반용 2.22L x 6개/11% 증량,23900,23900,
생활주방,[페브리즈 증정]잘풀리는집 명작순수 30Mx30롤x2팩/휴지/화장지/각티슈,30900,28900,
생활주방,99.9% 살균효과 휴대용 손소독제 천연원료 310ml,10000,9500,
전체,[26일 마트데이 10%+20%]크리넥스 3겹 천연펄프 데코소프트 화장지 27m 30롤X2팩/화장지/롤휴지/두루마리,38800,38800,
전체,10%+15%! 머거본 BEST 간식 꾸이큰통 290G x2통외 (육포/어포/견과),12900,12900,
전체,시디즈 베스트셀러 TOP8 초특가 탭/링고/T30/T40/T50,147750,139900,
전체,MISURA 통밀도너츠 230g * 3입 MISURA 득템 찬스,9900,9900,
스포츠/레저,아디다스 매장정품 신학기맞이 인기 운동화/슬리퍼/가방/후드티/바람막이/팬츠 100종!,14200,14200,
스포츠/레저,엑사이더 하이브리드 EX900 엑스바이크 실내자전거 헬스자전거,162500,143000,
스포츠/레저,핏분 점핑 트램폴린 36~54인치 유아 방방이 어린이 성인 점핑운동기구 트럼플린,34900,29840,
도서,에코백증정) 기적의한글학습/기적의계산법/한글학습다지기/받아쓰기/독서논술/유아수학/독서법/독서논술 외 (세트선택),24000,21600,
도서,초등 한국사 완전 정복! (한국사 따서조립하기+읽기책) 만들기와 읽기책 2종 구성으로 초등 한국사 완전 정복,18900,18900,
도서,"15%추가쿠폰! 하뚱컬러링북 6종 세트 (색칠놀이, 색칠북)",36000,15900,
남성의류,[르젠]인기 봄신상 남성바지 모음전 슬랙스/면바지/기모/밴드바지/청바지/카고바지/스판바지,12900,9900,
남성의류,[30%]매니몰  남녀공용 긴팔티 / 맨투맨/ 기모집업후드/남성긴팔티,13000,12900,
남성의류,[25%쿠폰]에비수 본사 봄/맨투맨/후드티/점퍼/패딩/청바지/키즈 外 78종!,66300,19900,
식품,김제 토마토마 허정수농부 송이토마토 2kg 3kg,10500,10500,
식품,매일 뼈로가는 칼슘두유 190ml x 64팩 검은콩두유 매일두유,24330,21900,
식품,단짠단짠 촉촉고소 입소문 난 차칸오다리 버터바디오징어/페스츄리 오징어등 총 8종,3900,3900,
식품,[풀무원] 토이쿠키 만들기 골라담기(오리지널/냠냠간식/씽씽자동차),21700,21700,
출산/유아,[26일 마트데이 5%+20%]슈퍼대디 미스터펭 매직슬림/리얼소프트 밴드/팬티기저귀 외 전라인 모음,31500,31500,
출산/유아,[파격초특가]봄신상최저가/더미누초특가/자가드/긴팔/칠부/후라이스/수면조끼/실내복/유아/아동/주니어,6900,6900,
출산/유아,"[일로딜로]우리아이 티셔츠/원피스/가디건5,000원~",10000,10000,
출산/유아,[신상최대35%] 아이숲내의/KF80마스크/무형광/자가드/자체제작/후라이스/실내복/올스판,5900,5900,
자동차/취미,에너자이저 알카라인 대용량 건전지 48알 /AA건전지/AAA건전지/배터리,21200,19080,
자동차/취미,[보쉬] 신형 750W GSB1600RE DIY KIT/전동드릴/16RE,114000,98280,
자동차/취미,[토우] 13KG -애견사료 모음,89000,88000,
여행/티켓,KTX/부산명소탐방/해운대골든튤립호텔/해운대/송도해상케이블카/태종대/용궁사/청사포/1박2일/코레일기차여행,215000,205000,
여행/티켓,한화리조트경주 2020 Lucky 룸온니 특별가(국내숙박/국내여행추천/국내숙박/경주한화리조트/한화리조트경주/경주콘도/경주호텔/경주/경북/당일예약/한화콘도/한화리조트),114000,108900,
여행/티켓,한화리조트평창(국내여행추천/국내숙박/한화/한화리조트/한화콘도/한화호텔/휘닉스파크/한화평창/한화휘닉스/한화콘도평창/평창한화),103000,98500,
패션잡화,다이에나롤랑 소가죽 자동버클 남자 벨트 허리띠,33900,23900,
패션잡화,[10%+20%][게스/구찌/페라가모] 외 인기 명품 선글라스 봄맞이 시즌 행사,13900,13900,
패션잡화,"[30%+vip5%쿠폰] [블랙마틴싯봉]20S/S 신상 및 이월 버킷백,숄더백,토트백 등 최대 94% OFF!",31500,31500,
가전,[라헨느] 대용량 7리터 에어프라이어 LAF-707B 간편한 사용법,109000,64800,
가전,[브리츠] ShowPOPTWS5 퀄컴칩셋 ATPX 초소형 완전무선 블루투스이어폰 5.0 40시간재생 무선충전 C타입충전 IPX5방수,66550,59900,
가전,브리츠 LuxTWS5  오픈형 완전무선 블루투스 이어폰,59880,53900,
뷰티,~51%할인! 클리오/페리페라/구달/힐링버드/더마토리 2월 한정세일,10000,7000,
뷰티,[에뛰드] 기초대전 순정/수분콜라겐/프로폴리스 UP TO 40%,10000,6300,
가구/홈데코,다샵 선풍기커버 벽걸이 스탠드 에어컨커버 제습기 커버 무풍 에어컨 커버,10000,5500,
가구/홈데코,[일룸] 클로버 그로잉 책상 / 3 단계 높이 조절 유아 어린이 유아동 학습 공부상,149000,149000,
가구/홈데코,[마르셀린] 진드기차단 기능성 침구 매트커버형 침대토퍼 논슬립 바닥토퍼외 베개솜/이불솜/폼패드,29900,29900,
디지털,공식인증점 마이크로소프트 Wireless Desktop 900 정품세트,30900,30900,
디지털,iPad mini WI-FI + Cellular 64GB (색상선택),683330,656000,
디지털,[마이크론] 마이크론 2200 M.2 2280 (256GB)  11번가 단독행사 한정수량 판매후 행사종료,54000,54000,
디지털,iPad 9.7 6세대 WI-FI + Celluar 128GB (색상선택),623950,605240,
생활주방,휴대용 대용량 74% 핸드크리너 손세정제 손세정젤 50ml / 500ml,10000,8500,
생활주방,리큐 알카파워 액체세제 리필 2.1L x6개 외~ BEST 세탁세제/주방세제 모음,23900,23900,
생활주방,[20% 중복할인]스피드랙 3/4/5단 특가 무볼트 조립식 앵글 수납 선반,48500,40260,
생활주방,[26일 마트데이 10%+20%]크리넥스 미용티슈/키친타월/스카트 행주타월 모음,28500,28500,
전체,[블랙야크&키즈] S/S 시즌 자켓&티셔츠 외 의류 스페셜혜택,14900,14900,
전체,김제 토마토마 허정수농부 송이토마토 2kg 3kg,10500,10500,
전체,[26일 마트데이 5%+20%]페넬로페 미라클 외 기저귀 특별전!,32800,32800,
전체,매일 뼈로가는 칼슘두유 190ml x 64팩 검은콩두유 매일두유,24330,21900,
스포츠/레저,[빈폴스포츠] 봄맞이 백팩/의류/신발 11번가 단독 SPECIAL PRICE,26800,26800,
스포츠/레저,나이키 에어맥스 엑시스 남여공용 NIKE AIR MAX AXIS,87900,87900,
스포츠/레저,핏분 치닝디핑 치닝 풀업바 A형 가정용 철봉 친업 턱걸이 실내 턱걸이운동기구 가정용턱걸이 턱걸이기구,129000,89760,
도서,노란우산)100가지 숨은미로찾기/똑똑한 그림책/숫자놀이 그림책/점잇기 그림책(선택),7000,6300,
도서,[세이펜] 단품 골라담기 /충전기/세이포스터/낱말카드 외,12000,12000,
남성의류,체이스컬트 봄오픈 신학기준비! 맨투맨/셔츠/아우터/팬츠,9900,9900,
남성의류,[클리어런스] 지이크 특별가~92% OFF! 자켓/셔츠/팬츠,119000,9900,
식품,태송 볶음밥 300g X10봉/햇반/육개장,15900,11870,
식품,"[CJ제일제당] 비비고 국/탕/찌개 (사골,육개장,미역국 外) 골라담기",19480,19480,
출산/유아,[10%+20%] 센스물티슈 하마 캡형 100매 10+10팩 외 전라인 대용량 모음,16600,16600,
출산/유아,[26일 마트데이 5%+20%]군기저귀 슬림앤드라이 밴드/소프트 팬티 x 6팩 행사,43900,43900,
자동차/취미,알파인 차량용 공기청정기 오토메이트G,99000,89000,
자동차/취미,대용량 고양이사료 캣츠러브/캐츠랑15~20kg,26900,25900,
여행/티켓,한화리조트해운대 2020 Lucky 룸온니 특별가(국내여행추천/국내숙박/한화리조트할인/광안리/한화/한화리조트/한화콘도/해운대한화/광안리/광안대교/한화호텔앤리조트),148000,142000,
여행/티켓,가평포세이돈캐라반 (경기도/캐라반/카라반/수상레저/수상스키/캠핑/포세이돈/숙박/가족여행/국내여행/국내숙박추천/국내여행추천/숙박/국내숙박),78100,75100,
패션잡화,[금강제화] 10+20%쿠폰+11%T멤버십! 남녀 BEST 100종 모음,34500,34500,
패션잡화,[Fullmoon]신상 헤어 아이템/핀/머리끈,1900,1900,
패션잡화,"[10%+20%][에스콰이아] 20S/S 신상기획전! 에코백/미니크로스백/핸드백/버킷백 19,900~",19900,19900,
뷰티,[헤라] #SNS대란템 #2월 컬러 메이크업&클렌징 BEST 모음! ~UPTO 15%,55000,46750,
뷰티,[쿠폰30%] 조성아 실검1위 스틱파운데이션 터치에디션 특별구성 74%할인!,129000,32900,
뷰티,[쿠폰10%+20%][스와니코코]얼루어에디터스픽 쿠션팩트/겟잇뷰티 1위 아이크림+BEST 비타민에센스 모음,10000,10000,
가구/홈데코,[10%+10%쿠폰]양키캔들 정품 라지자 외 전상품 모음전,11500,11500,
가구/홈데코,[일룸] 아코 유아동 소파 버니 / 디노 / 키즈 어린이 유아 아기 쇼파 소파 / 어린이날 조카 선물 추천,99000,99000,
가구/홈데코,코콤 LED 방등 주방등 거실등 조명 삼성 or LG 정품칩,25900,22800,
디지털,[인텔5%+장바구니2만+최종가48만][NVMe SSD 더블UP] S145-14 Classic G4 Iris 노트북 [10세대/Icelake],562760,529000,
디지털,NVIDIA GeForce RTX 2070 Founders Edition 리더스시스템즈,645880,549000,
디지털,[공식인증점][7%다운로드+아카데미] 갤럭시탭S5e 10.5 128G SM-T720 WIFI모델/테블릿pc/태블릿pc/인강/패드,553000,525350,
디지털,[마이크로소프트] 마이크로소프트 Sculpt Ergonomic Mouse (국내 정품 / 당일발송),39690,39690,
생활주방,[모나리자] 에코모먼트 3겹 30M 30롤 3개 총90롤 화장지 휴지,36000,36000,
생활주방,[페브리즈 증정]잘풀리는집 깨끗한3겹 쿠션앤소프트 27Mx30롤x2팩/두루마리/휴지/화장지,29900,27900,
생활주방,다우니 엑스퍼트 초고농축 섬유유연제 실내건조/스포츠 1Lx3개,18500,14500,
전체,리틀스텔라 입점기념 최대 68%할인! 20년 S/S 봄신상 특가! 추가10%쿠폰까지 원피스/티셔츠/맨투맨/팬츠,21630,21630,
전체,[20%+17%]경수진 PICK 싸이닉! 전품목 1+1에 사은품까지,10000,9900,
전체,단짠단짠 촉촉고소 입소문 난 차칸오다리 버터바디오징어/페스츄리 오징어등 총 8종,3900,3900,
스포츠/레저,"BTR 캐쥬얼 골프의류 S/S 오픈모음전 /자켓,바람막이,티셔츠,팬츠 외",24000,24000,
스포츠/레저,[09피싱]다이와17 후에고 LT/스피닝릴,91000,77260,
스포츠/레저,PVC조립아령 23kg세트 바벨 덤벨 아령 운동책자 증정,23900,23900,
도서,(예약판매)아들의 한글 비긴즈: 탈 것 편,14900,13410,
도서,15%추가쿠폰! [최대50% 특가] 봄봄스쿨 만들고 색칠하기/스티커북/놀이북 세트/세계 국기 카드 외,13200,13200,
도서,T맴버쉽15%할인) 19~2020년 초등 1.2학기 우등생 셀파 해법 백점맞는 우공비 쎈수학 완자 최상위 개념클릭 개념 유형 큐브 세트 시리즈 수학 국어 과학 사회 초등 문제집 1학년 2학년 3학년 4학년 5학년 6학년,11000,9900,
도서,15%추가쿠폰! 하뚱처음수학 골라담기 - 두뇌발달 창의수학 (퍼즐 포함),11000,6900,
남성의류,[지오지아外]봄으로 성큼 온 지금! 입기좋은 니트/셔츠/팬츠,19900,19900,
남성의류,델레바인/M~4XL/맨투맨/후드티/후드집업/빅사이즈/티셔츠/기모/긴팔티/무지/남자/여자/오버핏,20000,19900,
남성의류,[28-42] 봄 신상 남자청바지/빅사이즈/스판/슬림/일자/면바지/슬랙스/밴딩/일자/바지/팬츠/옷/린넨/행사,10800,10800,
남성의류,"봄신상&겨울땡처리/클리어런스/전품목 4,900원/기모티/플리스/조끼/후드티/춘추 팬츠",4900,4900,
식품,(허닭본사) 건강한 식단! 닭가슴살 팩당 900원대 균일가!,2550,2550,
식품,MISURA 토스트비스켓 320g * 3입 미주라 득템 찬스,9900,9900,
식품,[백산수] 농심 백산수 2L 12병 생수,11100,9790,
식품,[푸드장] 소고기 소갈비살 차돌박이 수입갈비살 살치살 부채살,10000,10000,
출산/유아,[20%할인] [국내생산] 1팩추가증정!! 토디앙 핑크퐁/코튼캔디 외 밴드/팬티 기저귀 기획전,33700,33700,
출산/유아,[26일 마트데이 10%+20%] 좋은느낌 에어핏쿠션 울트라 날개 중형 19매 x 3팩 + 중형 2매 + 핫팩,13800,13800,
출산/유아,[쁘띠뮤]봄신상!대공개/상하복/원피스/상하복/티셔츠/레깅스/아우터,10000,8900,
자동차/취미,한국포장 투명 박스테이프 80M 포장용 opp 1box 칼라테이프,15900,14310,
자동차/취미,코맥스 CAV-43U/아날로그/4.3인치/비디오폰/인터폰,79000,68730,
자동차/취미,[자가설치] 혜강 디지털 도어락 TS700 / 무타공 / 카드키4개,72000,60900,
여행/티켓,한화리조트거제벨버디어(한화리조트/거제한화/벨버디어/거제/거제벨버디어/한화콘도/국내여행/국내리조트,185000,178000,
여행/티켓,쏠비치호텔&리조트 진도(진도 대명리조트/대명리조트진도/진도대명/진도쏠비치/쏠비치진도/쏠비치/대명리조트/쏠비치호텔/대명호텔),135000,130000,
여행/티켓,[얼리버드상품]속초롯데리조트 ~5월까지접수(롯데리조트속초/롯데호텔/워터파크/롯데리조트/롯데속초/대포항/속초롯데/강원도호텔/강원도특급호텔),138600,134000,
패션잡화,[10%+20%][LAP] 단독! 봄신상 BEST 가방/잡화 74종 최대 68% OFF,39000,19500,
패션잡화,[10%+20%+T멤22%] 남자 여자 패션양말/정장양말/장목양말/페이크삭스/겨울양말,9900,9900,
패션잡화,[타니즈] 여성구두/앵클부츠/삭스부츠/슬링백/로퍼/블로퍼/스니커즈 70종,10800,9800,
패션잡화,[10%+20%더블할인!] 스위스밀리터리 캐리어 확장형 기내용 20/24/26/28인치 여행가방,79000,79000,
뷰티,단독 선런칭! 롬앤 피카소 콜라보 베러댄씨리얼 외 BEST ~64% (글래스팅워터틴트/더유니버스글리터/섀도우),10000,8900,
뷰티,[에뛰드] 메이크업 대전! 허쉬/톰과제리/더블래스팅 UP TO 50%,10000,5000,
뷰티,[쿠폰10%+중복20%] 착한성분 랩노 수뷰티 이데베논 캡슐세럼/크림/아이크림 외 ~66%,23700,15800,
뷰티,유니레버 도브 바세린 베스트모음 / 바디워시 바디로션 바디스크럽 데오드란트,10500,10500,
가구/홈데코,[20%최대50만원할인]정원아치 대형 가든아치 N28 장미아치 웨딩아치,82000,69700,
가구/홈데코,[11번가&잠스쿨] 떡실신 워터프리 매트리스 방수커버포함 침대 7CM 바닥 11CM 토퍼/마약/메모리폼/싱글/퀸,74900,63670,
가구/홈데코,[20%추가]롤스크린 블라인드 무지 커튼 거실 창문 베란다,9900,7000,
디지털,ipTIME A2003NS-MU 기가 공유기 와이파이 무선 인터넷 3포트,39900,39900,
디지털,[사전판매 10%할인+무료배송] 삼성전자 갤럭시S20 정품케이스 모음전,22000,19800,
디지털,[7%다운로드+아카데미]인증점 삼성 갤럭시탭S5e 10.5 SM-T725 LTE 64G/128G,522000,495900,
디지털,[UAG] 삼성 갤럭시 S20/플러스/울트라 케이스 모음전 (SAMSUNG공인인증ACC파트너),41500,33200,
생활주방,[깨끗한나라] 아껴쓰는 키친타올 140매 4+4롤 x 3팩,18900,18900,
생활주방,[다우니] 향기부스터 퍼퓸 쥬얼 480g 2개,22900,18900,
생활주방,유한킴벌리 크리넥스 순수소프트 30M 30롤 2팩,33700,30800,
생활주방,[한예지]순수 프리미어 화장지 3겹 30m 30롤 2팩,25900,25900,
전체,[풀무원] 토이쿠키 만들기 골라담기(오리지널/냠냠간식/씽씽자동차),21700,21700,
전체,태송 볶음밥 300g X10봉/햇반/육개장,15900,11870,
전체,"#국민스킨, 라네즈 크림스킨 + 래디언C/레모나 짝꿍KIT + 드로잉메리 손거울 증정! 외 BEST!",28000,22400,
전체,"[CJ제일제당] 비비고 국/탕/찌개 (사골,육개장,미역국 外) 골라담기",19480,19480,
스포츠/레저,[20%쿠폰+무료배송][마코&피가로] 봄 OPEN 남여 골프웨어 티셔츠/점퍼/팬츠/스커트,10000,10000,
스포츠/레저,[휠라] 성인 남녀 편하고 실용성 좋은 운동화/스니커즈 68종 모음전!,23900,23900,
스포츠/레저,핏분 치닝디핑 치닝 풀업바 B형 가정용 철봉 친업 턱걸이 실내 턱걸이운동기구 가정용턱걸이 턱걸이기구,89000,74720,
도서,15%추가쿠폰! [20% 특가] 어스본 베스트 토이북! 우리 아기 오감발달 사운드북/키득키득 사운드북/창의력 쑥쑥 무지개 손도장놀이 외,8550,8550,
도서,디레버리징 /2021~2024 수도권 파산과 경매의 시대에 관하여,20000,18000,
도서,15%쿠폰! [YES24단독특전/포스터4종 증정] 방탄소년단 (BTS) MAP THE SOUL : 7 [4종 SET] YES24 단독특전 폰스트랩 4개 증정!,72000,72000,
남성의류,[28-42] 봄 신상 남자면바지/빅사이즈/슬랙스/팬츠/카고/조거/밴딩/카모/밴딩/일자/9부/린넨/스판옷,17700,17700,
남성의류,[30%쿠폰]멋남 NEW & BEST 신상 베스트 맨투맨/긴팔티/슬랙스/데님/코트/자켓,10000,9900,
남성의류,[MNC] 봄신상 베스트! 팬츠/맨투맨/셔츠/후드티/니트/자켓,11000,9900,
남성의류,[M~2XL]남녀공용 빅사이즈 트레이닝복 트레이닝바지 조거바지 통바지 카고바지 패딩점퍼,10000,9900,
식품,[쟈뎅] 편의점 아이스 커피/아메리카노/아이스티/에이드 30개입 골라담기 /까페라떼/커피,12420,11180,
식품,"[11번가x팔도x미샤] 팔도 BB 크림면12봉+미샤블랑BB크림+퍼프 기획세트/비비면,BB면/팔도 비빔면/ 네넴띤",19900,19900,
식품,[이틀간]더블행사 와룡막창 참나무 초벌 훈제 막창/양념 곱창/목살+와룡 막장소스 선택,12000,11500,
식품,즐거운 식단관리 라이킷 도시락 5종 6팩/10팩,23500,23500,
출산/유아,쏘피 바디피트 볼록맞춤 16Px4팩/생리대/팬티라이너/오버나이트/슈퍼롱,11900,11900,
출산/유아,[26일 마트데이 5%+20%]국내생산 마미포코 에어핏 외 밴드/팬티 기저귀 BEST 특별전,33600,33600,
출산/유아,[해즈브로] 너프 라이벌 넉아웃 2팩  너프X진종오 국가대표 11번가 신상품 런칭!!,36200,36200,
출산/유아,2020 봄신상 10%+추가5% [키펀트] 여아구두/아동구두/유아구두/아동로퍼/아동화,16900,16900,
자동차/취미,[5천원추가할인] 지벤 초경량 지벤안전화 모음전 통풍,61900,51170,
자동차/취미,신일 박스테이프 투명테이프 테이프 80M 포장용 OPP 1BOX 칼라테이프,21900,19710,
자동차/취미,[블랙야크] 20종모음 안전화 작업화 초경량 통풍 건설화,60500,52120,
자동차/취미,[샤오미] 새롭게 추가하여 돌아온 충전식 드라이버 와우스틱 1F+,49450,45000,
여행/티켓,KTX/홍도/흑산도/비금도/도초도/섬여행/2박3일/유람선관광/용산역출발/코레일기차여행,318000,307900,
여행/티켓,롯데리조트 속초(롯데리조트속초/속초롯데리조트/롯데호텔/워터파크/롯데리조트/롯데속초/대포항/속초호텔/특급호텔/속초호텔추천),148500,143900,
여행/티켓,인천 경원재앰버서더(경원재앰배서더/경원재엠버서더/인천경원재/인천한옥호텔/인천/인천특급호텔/송도호텔/송도/한옥/경원재/국내숙박추천/국내여행추천/서울근교호텔/특급호텔/한옥호텔/송도한옥/인천한옥),165000,159900,
패션잡화,[10%+20%+22%T멤] 프롬산타 남녀 패션 양말/덧신/페이크삭스/학생/중목/실리콘/두꺼운/스포츠,10000,10000,
패션잡화,에트로/발리/발렌티노 외 명품잡화모음전,74900,74900,
패션잡화,[10%+20%][르마스크]드디어 재입고!후기검증!오르백/콜미/스톤품절대란인기가방!,69000,69000,
뷰티,[한율] 달빛 햇유자(Limited) 수면팩 + 달자인형/컬러링북 + 스벅쿠폰 증정! 외 BEST! ~ UPTO 50%,30000,15000,
뷰티,[마트기획전] 세타필 바디로션/크림 1+1 특가모음전,36500,18900,
뷰티,이상민도 반한 ! 후기극찬 ! 어헤즈 탈모샴푸 外 모음전,17000,17000,
가구/홈데코,[파크론]무릎보호 PVC주방매트 모음전 무릎보호쿠션/북유럽/욕실매트,11900,11900,
가구/홈데코,베네베딩 알러지케어 진드기 차단 방수 매트리스커버/침대매트커버/베개커버/베개솜/방수패드,10000,6900,
가구/홈데코,[라자가구]윈스 1200 5단 책장/선반/책꽂이,46000,39100,
디지털,갤럭시 A8 스타 64G,499400,399400,
디지털,(최종가 37.9만+램무상업) ASUS 비보북 X412DA-EB253 라이젠3-3200U/FHD/휴대성/지문인식/베젤리스,424460,399000,
디지털,아이나비탭  EZgo11 윈도우태블릿 / 2in1 PC / 키보드포함 / 터치펜지원,419000,399000,
생활주방,페브리즈 화장실 비치형 6ml 3개 구성 + 비데 물티슈 or 4롤 티슈 or 미용 티슈,19900,15900,
생활주방,[10%+10%더블쿠폰][3M]후레쉬 지퍼백(대) 20매+20매(25x30cm) 3개세트(총120매) 외 주방위생용품 50종,11500,11500,
생활주방,[10%+10% 할인+사은품] 써모스 텀블러 보온병 보냉병 보온보냉병 보온도시락 JNR-350K TKLF-1200F,24900,22900,
전체,(허닭본사) 건강한 식단! 닭가슴살 팩당 900원대 균일가!,2550,2550,
전체,MISURA 토스트비스켓 320g * 3입 미주라 득템 찬스,9900,9900,
전체,"[프로모션] Btv B포인트 30,000 p",23100,23100,
스포츠/레저,[옵티멈] 골드 스탠다드 웨이 단백질 2.27kg 초코맛 +서빙팩4개/WPI/유청단백질/헬스/보충제,72900,72900,
스포츠/레저,[카파키즈] 아동운동화/아동슬리퍼/스니커즈/단화 신학기 봄Best 신발전,15600,15600,
스포츠/레저,커플래쉬가드 수영복 남자여자 빅사이즈 후드집업팬츠 루즈핏 비치웨어 스윔 워터레깅스 바캉스,21900,21700,
도서,15%추가쿠폰! [스틸컵 증정][예스24] 크레마 그랑데(블랙/화이트)+2 IN 1 케이스+액정보호필름+리모콘 선택구매,263000,263000,
도서,15%추가쿠폰! 하뚱창의미술 1년치 13종 세트 (30가지 재료상자 포함),80000,65000,
도서,카드+에코백) 기탄수학/큰수학/사고력수학/한글/국어/영어/한자/한글떼기/수셈떼기/ABC,25000,22500,
남성의류,[엘라모] S/S 반팔 티셔츠 남녀공용 빅사이즈 S~4XL 라운드 박시 남자 여자 면100,9800,9800,
남성의류,30%쿠폰!남성드로즈 10종세트/19800원/드로즈/남성/남자/팬티/세트/인견/모시/쿨/삼각/속옷,12900,12900,
남성의류,[25%쿠폰][뱅뱅] 봄그랜드오픈 맨투맨5천원대/데님팬츠9천원대/간절기아우터1만원대 +무.료.배.송,10000,9900,
식품,맥심 화이트골드 커피믹스 400T+키티버니포니에코백2개/모카골드 커피믹스 400T+커피20T랜덤,43510,40900,
식품,쭈꾸미사령부 5팩기획+무료배송,39500,37500,
식품,"[10%+15%] 20,900원 프렌치카페 커피믹스 120+160T+프렌치카페10T/ 커피",27310,24580,
출산/유아,[26일 마트데이 5%+20%][하기스] 보송보송 2~6단계(팬티4팩/밴드3팩)+(증)기저귀2P,46300,46300,
출산/유아,20%+복수3% 중복할인! 디즈니 신학기 아동 캐릭터 EVA 방한화 실내화 덧신,7900,5900,
출산/유아,마밤오가닉 봄맞이 유아동 실내복/아동내의/아동잠옷/7부내의/간절기/초등내의/홈웨어/어린이내복,7900,7900,
자동차/취미,[2월 사료 20%쿠폰]인섹트도그 하이포알러지 밀웜사료 2kg/4kg/8kg 모음,37000,37000,
자동차/취미,반코팅 장갑 100켤레 코팅 목장갑 면장갑 이중 완코팅,17120,14900,
자동차/취미,미스터앤미세스 차량용 방향제 본품 리필 니키 체사레,14000,14000,
자동차/취미,공식판매처/택배박스 로고인쇄무료/당일발송 소량가능,30200,27180,
여행/티켓,현대수리조트 2지점 속초/횡성 (현대수속초/속초현대수/현대수리조트 속초/현대수리조트 횡성/횡성리조트/강원도리조트/속초리조트/횡성현대수/횡성리조트/횡성제너두/현대수리조트횡성/속초리조트/현대수콘도),45900,44500,
여행/티켓,한화리조트용인(한화리조트/용인한화/한화콘도/에버랜드/서울근교여행/가족여행/여행/국내숙박추천/국내여,108000,104800,
여행/티켓,무주 덕유산 리조트(무주콘도/덕유산콘도/무주덕유산리조트/무주리조트/스키시즌/스키장/무주스키장/무주 덕유산 스키장/무주 덕유산 눈썰매),104500,101500,
여행/티켓,한화리조트설악 (강원도리조트/강원도여행/한화리조트/속초리조트/속초콘도/동해바다/속초여행/설악한화/국내숙박추천/설악한화콘도/강원도리조트/속초한화리조트/국내여행추천/숙박/국내숙박),81000,79000,
패션잡화,[10%+20%쿠폰][에스콰이아] 20 S/S 신상입고! 남여 정장화/펌프스외 NEW SALE,59000,59000,
패션잡화,[10%+20%][세인트스코트]한선화가방~ S/S 신상입고! 이리나/카일라 外 최대68%,49000,49000,
패션잡화,[mook] 20SS 오픈! 정장구두/로퍼/스니커즈 등 99종,41600,41600,
패션잡화,5족+무배 더블쿠션 스포츠 양말 등산양말 페이크삭스,6990,6990,
뷰티,붙이는 네일패치/젤네일 스티커/네일 패디 패치,1500,1280,
뷰티,[20%쿠폰] 팬틴 샴푸/린스 500mlx3개 + 3종 증정품,15400,15400,
뷰티,김정문알로에 온가족 보습크림! 베스트 크림세트 모음전,14900,14900,
뷰티,모레모 워터 트리트먼트 미라클 10 480ml,37990,32300,
가구/홈데코,미친 탄성! 꿀잠예약 마약 매트리스 FM라텍스 토퍼 매트리스,36900,33210,
가구/홈데코,믹스앤매치 봄신상 차렵이불/먼지없는이불/국산이불/신학기이불/이불세트/기숙사이불/봄이불,54900,34900,
가구/홈데코,로미홈 마약매트리스 접이식 토퍼 침대 매트 바닥 3단 수면매트,34100,28900,
디지털,샌디스크 USB 메모리카드 32G 64G 128G 256G 대용량 OTG C타입,10000,6100,
디지털,갤럭시s20울트라 갤럭시노트10플러스9 강화유리필름,20000,13700,
디지털,[프리미엄중고폰 15%쿠폰] 갤럭시S8/S8+/S9/S9+/노트8/9/ 아이폰8/8+/X 공기계 선택약정 가능,300000,300000,
생활주방,해피콜 통3중 넘침방지 스텐냄비 4종/5종세트,139900,139900,
생활주방,15%쿠폰!아우라 펭수에디션1Lx6개+1L증정! 미세플라스틱Free,28900,28900,
생활주방,[모나리자] 보타닉포레 3겹 27M 30롤 2개 총60롤 천연펄프 화장지 휴지,31900,18900,
전체,[아이스타] 원목 연필/색연필꽂이,9900,9900,
전체,"전상품9,900원+T11%추가할인! 티셔츠&스커트1+1 23종! 믿고입는 미씨엘라 롱원피스/셔츠/블라우스/팬츠",10900,10900,
전체,"[하나카드:1,399,000원] LG 공식판매점 트롬 5벌 스타일러 S5MBA 살균 탈취 건조",1611820,1499000,
스포츠/레저,네파 S/S 자켓 + 티셔츠 + 팬츠 SPECIAL PRICE,12000,12000,
스포츠/레저,나시카 SPIRIT 20x50 ZCF 쌍안경,50700,43100,
스포츠/레저,[나이키 아디다스 정품] 이니시에이터 에어포스 에어맥스 운동화 모음,51600,51600,
스포츠/레저,고무나라 폼롤러 EPP EVA 91cm 60cm 45cm 필라테스 폼플러,10800,9510,
도서,(사1) 설민석의 한국사 대모험 1~9권/10권/12권 세트.통일대모험 (상)(하).세계사 대모험 추가선택,93800,84420,
도서,15%추가쿠폰! 하뚱가베 활용집 3종 세트 + 하뚱가베카드 (158개 작품 수록),77000,42200,
도서,15%추가쿠폰! [마이리틀타이거] 타이거엔진-공사장트랙 /공사장/자동차/자동차장난감/경주,34900,29900,
남성의류,30%쿠폰!주니어팬티 3매입/브리프/드로즈/트렁크,10900,10900,
남성의류,STCO 20S/S 봄맞이[STYLE CHOICE] 남성 셔츠/넥타이/벨트/티셔츠/니트/자켓 등,10000,10000,
남성의류,[30%쿠폰] 봄신상 반팔티~3XL 빅사이즈/오버핏/엠보/라운드/브이넥/카라티/프린팅/레이어드/7부티,12000,10900,
식품,영양이 풍부한! 국내산 순살 고등어 80g~100g×5팩,9900,6600,
식품,맛있닭 닭가슴살 스테이크 8팩 외 72종 골라담기,12900,12900,
식품,[퓨어스펙]고당도 오렌지 중소과 20과,12900,12900,
식품,[팜에이트] 프리미엄샐러드 5종 패키지 유희영쉐프가 만든 건강식,29700,29700,
출산/유아,콩닥콩닥/유아용/아동용마스크/입체마스크/이어밴드마스크外/1+1,6900,6900,
출산/유아,2080 유아/어린이 칫솔 대량 특가 구성 x24개 + 성인 치약 1개 증정,20900,20900,
출산/유아,"[행필품]쿠폰적용가 38,900원! 군 오리지널 밴드/팬티 기저귀 3팩!!!",45900,45900,
출산/유아,더베이지 봄신상 미키 티셔츠/맨투맨/원피스/아동복/레깅스,10000,9900,
자동차/취미,풍선 테이블 용품 장식 컵 접시 파티 보 가랜드 헬륨 컬링 리본 종이컵 일회용 테이블보 생일 꾸미기 셀프,1000,1000,
자동차/취미,[카카오네임]방수 네임스티커 총집합/이름스티커/신학기 이름표/겨울왕국2,890,890,
자동차/취미,무선 미니전동드라이버/충전식/공구/전동공구/ES/비트,25000,21620,
자동차/취미,3M장갑/3M슈퍼그립200/컴포트그립/프로그립/3M겨울용장갑/겨울용3M장갑/겨울장갑/코팅장갑/혹한기장갑,1500,1310,
여행/티켓,제주섬오름호텔(섬오름/제주호텔/섬오름호텔/서귀포호텔/제주도/제주항공/제주여행/가족여행/당일예약/국내숙박추천/국내여행추천/숙박/국내숙박),78000,76500,
여행/티켓,[패키지전용]롯데부여리조트(부여롯데리조트/롯데리조트부여/롯데 부여/부여 롯데/롯데리조트 부여/백제문화단지/충남/충청남도/충청도/롯데리조트/아쿠아가든/롯데 부여리조트/롯데호텔/호텔롯데/가족리조트),137600,135000,
여행/티켓,[Roomonly전용]롯데부여리조트~6월까지 예약접수(부여롯데/롯데부여/부여호텔추천/부여리조트/롯데리조트/부여여행/충청도/충남/부여/국내숙박추천/국내여행추천/숙박/국내숙박),115000,112900,
패션잡화,브랜드 튼튼한 패션 장우산/3단우산/우양산/자동우산,5500,5500,
패션잡화,[스타일초이스10+20%][마크모크] 2020 봄신상 런칭! 로퍼/펌프스/플랫슈즈/슬링백,39500,39500,
패션잡화,[에버라스트] 무료배송! 홈쇼핑 완판! 백팩+미니백+클러치 3종 세트,39000,39000,
뷰티,[글로시블라썸] BEST 봄신상 네일스티커 모음,12900,7000,
뷰티,[10%+20%쿠폰] 팬틴 트리트먼트 220mlx3개 + 증정품3종,12900,12900,
뷰티,[아모레퍼시픽]2020년 2월 빅세일 대전! ~UPTO 50%,28000,22400,
가구/홈데코,[10%+10% 더블 할 인] 이노하우스 PVC매트 북유럽 프리미엄 주방매트 발매트,13900,13900,
가구/홈데코,[20%쿠폰]삼익가구 초대형 와이드/원목 전신 거울 시리즈,32400,27540,
가구/홈데코,[까르데코]레이스커튼1장 2장/시즌맞이행사/속지커튼,13000,12900,
디지털,[샌디스크] SOI 울트라(80mb/s) 마이크로 SDXC 128GB + 리더기,19900,15900,
디지털,iPad Pro 11 스마트 키보드 폴리오 - 한국어 [MU8G2KH/A],228120,219000,
디지털,"[신학기 ] 최종 37,970 에어팟데리 에어팟 충전케이스 겸용 보조배터리 10000mAh",49900,44390,
생활주방,[천연펄프함유]땡큐 30롤 3팩/화장지/두루마리휴지/티슈/롤화장지/롤휴지/두루마리화장지/점보롤,15900,15900,
생활주방,페브리즈 공기탈취제 에어 275g 3개,17500,13500,
생활주방,[모나리자] 에코모먼트 순 3겹 27M 30롤 3개 총90롤 천연펄프 화장지,40200,40200,
전체,[업타운홀릭]15%+20%! 오늘만 11 X 업타운홀릭 단독 오픈! 원피스/블라우스/니트/팬츠,17900,9900,
전체,[백산수] 농심 백산수 2L 12병 생수,11100,9790,
전체,[푸드장] 소고기 소갈비살 차돌박이 수입갈비살 살치살 부채살,10000,10000,
스포츠/레저,[공식] FILA 트랙 자켓 외 맨투맨&팬츠,49000,49000,
스포츠/레저,[웨스트우드] 20SS 신상 OPEN!,16900,16900,
스포츠/레저,[30%다운] 에버라스트/봄맞이/후드티/자켓/맨투맨/트레이닝복세트/기모/츄리닝/트레이닝바지/티셔츠/운동복,16900,16900,
도서,(형광펜.노트 외)(2020년1학기)초등문제집.우등생해법.백점맞는시리즈.우공비문제집.디딤돌.완자.한끝.오투과학.큐브수학.단원평가,12500,11250,
도서,[T멤15%할인] 오늘도 펭수 내일도 펭수 (꽃눈 에디션) /펭수 다이어리/ 펭수 에세이,17000,15300,
도서,2020년 중등 쎈 라이트쎈 개념쎈 일품 중학 수학 중1 중2 중3 1상 2상 3상 1하 2하 3하 1-1 2-1 3-1 1-2 2-2 3-2,11000,9900,
남성의류,NII 2020 봄 BEST 아우터/맨투맨/니트/셔츠 100종 모음,10000,10000,
남성의류,[라시노] 4D 자동분리 기능성 남성 남자 속옷 드로즈 트렁크 4종 건강팬티 (IRenew 토르말린 건강팔찌),39800,39410,
남성의류,[BYC/TRY/제임스딘] 남성 속옷 드로즈/트렁크/런닝/선물,3900,3900,
식품,[CJ제일제당] 고메 핫도그/스테이크/미트볼/치킨/피자/돈카츠 1+1+1 골라담기,18500,18500,
식품,[조선호텔김치] 피코크 조선호텔 김치 골라담기! (포기김치/석박지/총각/열무/맛김치),22800,22800,
식품,네슬레 퓨어라이프 2Lx24 생수 네슬레생수 먹는샘물,16800,15120,
출산/유아,[셀덴] 설레는 봄 신학기 준비 특별전 최대 60% OFF,10000,10000,
출산/유아,[아가드] 포르텐 식탁의자 하이체어 1입 유아식탁의자,164000,164000,
출산/유아,[26일 마트데이 5%+20%]대디베이비 밴드 팬티 기저귀 4팩 모음/무자극인증,21900,21900,
출산/유아,[24일~1일 30%] 친자연생리대 라네이처 시그니처 울트라 날개 중형 12매 x 3팩 + 린넨에코백,21400,21400,
자동차/취미,로티홈시스 접이식 발판 사다리 2단 가정용 안전 계단,23900,18900,
자동차/취미,리앤진/천연아로마오일/차량용방향제/디퓨저/실내용/냄새제거/선물/자동차용품/방향제/리필/자동차방향제,9300,8840,
자동차/취미,더허브샵 차량용디퓨저 40ml 카방향제 자동차방향제 자동차디퓨저 차량용방향제,9000,8900,
자동차/취미,3M장갑 10켤레/ 3M 슈퍼그립 200 컴포트그립 반코팅 겨울 기모 방한 코팅장갑,18900,16400,
여행/티켓,엘리시안강촌리조트 객실패키지~5월까지 예약 접수(강촌/남이섬/엘리시안강촌/강촌엘리시안리조트/스키장/스키패키지/렌탈패키지/엘리시안리조트/남이섬여행/춘천/국내숙박추천/강원도스키장/콘도/춘천여행추천),85000,83900,
여행/티켓,통영금호리조트(경상도/통영금호/충무마리나/마리나리조트/금호콘도/금호리조트/콘도예약/콘도할인/문자발송),98700,97700,
여행/티켓,"노보텔스위트 앰배서더 서울 용산, 노보텔 앰배서더 서울 용산 객실/조식패키지 (서울드래곤시티/노보텔스위트앰배서더서울용산/노보텔앰배서더서울용산/용산호텔/서울특급호텔/호캉스/스카이킹덤/푸드익스체인지)",99000,98010,
패션잡화,[10%+20%] 사은품! 미스터보울러 여행용 하드 캐리어/기내용 여행가방,31900,31900,
패션잡화,[10%+20%][포멜카멜레] 차정원pick! 20SS 지갑/토트/숄더백 외 봄신상 오픈!,29000,29000,
패션잡화,[socksmall]골프10켤레외 스포츠양말 등산양말 작업양말 겨울양말 남자양말 여성양말,9500,9200,
뷰티,"[피카소꼴레지오니] 감각을 수집하다, 메이크업 브러쉬&세트 모음",10400,10400,
뷰티,[공식] 리얼베리어 익스크림 방패보습/이슬톡톡/모이스처/크림/컨트롤-T 클렌징/장벽크림,10800,10800,
가구/홈데코,[오스람] LED무선 센서등 휴대용/동작감지/현관등/옷장등/서랍등,11250,9900,
가구/홈데코,[20%쿠폰][삼익가구/추가쿠폰] 욜로 원형 수납 원목스툴/화장대/의자/수납가구,19900,19900,
가구/홈데코,샤이닝홈 무드접이식 액자테이블 45종밥상/유아공부상/좌식책상/식탁/다용도/인테리어/갤러리아트디자인,18000,16900,
디지털,앱코 K660 광축 게이밍 기계식키보드 K  [포토상품평 참여시 장패드 100%증정],39900,39900,
디지털,키크론 Keychron K4 RGB 알루미늄 무선 기계식 키보드 / 맥 애플 호환 국내정품,169000,169000,
디지털,"[SEAGATE] [ 5일 단.독.특.가 ]+최종할인가 114,000원 씨게이트 Expansion 외장SSD 1TB  +당일출고+우체국택배+3년 보증",164890,119000,
생활주방,페브리즈 섬유탈취제 370mlx3개 + 비데 물티슈 or 4롤 티슈 or 미용 티슈,17500,13900,
생활주방,코디 아름드리 3겹 30롤X3개(90롤)/휴지 화장지,33300,33300,
전체,[쟈뎅] 편의점 아이스 커피/아메리카노/아이스티/에이드 30개입 골라담기 /까페라떼/커피,12420,11180,
전체,"[11번가x팔도x미샤] 팔도 BB 크림면12봉+미샤블랑BB크림+퍼프 기획세트/비비면,BB면/팔도 비빔면/ 네넴띤",19900,19900,
전체,[이틀간]더블행사 와룡막창 참나무 초벌 훈제 막창/양념 곱창/목살+와룡 막장소스 선택,12000,11500,
스포츠/레저,[컨버스] 컨버스 운동화 신발 스니커즈 런닝화 단화 캔버스화,42000,42000,
스포츠/레저,핏분 스텝퍼 일반&트위스트 & 스탠딩 3종 워킹머신 스텝박스 운동기구 다이어트 헬스 스테퍼 스탭퍼 스태퍼,57100,42950,
도서,스토브리그 대본집 세트 /이신화 대본집,32000,28800,
도서,(예약판매)펭수 펭아트 #페이퍼토이북,18000,16200,
남성의류,[핑크스타] (3+1) 신축성甲 활동성 좋은 편한 트레이닝팬츠/밴딩팬츠/경량조끼/후드집업/트레이닝복,5900,5900,
남성의류,[카운테스마라]봄맞이 S/S 백화점 신상셔츠 25종 특가,35000,24850,
남성의류,봄신상/남자청바지/28-42/일자/슬림/스판/블랙진/빅사이즈/밴딩/남자/남성바지/바이커진/슬랙스/조거팬츠,12800,11900,
식품,[우체국쇼핑] 농협 안동 흠집 사과 5kg/10kg #부사 #못난이사과,13770,12400,
식품,진짜! 애슐리 치킨 세트 4종 택3개,23900,21510,
식품,[CJ제일제당] 비비고 떡갈비/바싹불고기/너겟/완자 2+1 총3개 골라담기,18500,18500,
출산/유아,[마트DAY] 유기농본 골드 순면본 대형 중형 소형 생리대 팬티라이너 오버나이트 2-4팩 골라담기,6900,6900,
출산/유아,"[밀리밤] 아동 북유럽 모던풍 봄 스타일링 코디전! [맨투맨, 원피스, 레깅스, 아동,바지, 치마, 치랭스]",12900,12900,
출산/유아,"[최종가16,920원]총 14팩/브라운 아기물티슈 프리미엄 72매 캡 8팩+휴대 20매 캡 6팩",23500,23500,
자동차/취미,4.8V 충전드라이버 (TNT-HB48N)  전동드라이버 3종,21850,16910,
자동차/취미,현대 4000W 고용량 멀티탭 에어컨 히터 건조기 대용량콘센트,17010,14800,
자동차/취미,에너자이저 에버레디골드 대용량 알카라인건전지 40알/AA건전지/AAA건전지/배터리,15900,14310,
여행/티켓,[충청]제천리솜포레스트 20년2월까지(리솜/헤브나인/스파/국내여행추천/국내숙박/리조트/온천/포레스트/충청도/제천포레스트/리솜리조트/리솜제천포레스트),291500,289000,
여행/티켓,스플라스 리솜(리솜/스플라스리솜/리솜스플라스/리솜워터파크/플렉스타워/리솜리조트/리솜스파캐슬/제천리솜/덕산스파/리솜스파/충청/콘도/온천리조트/제덕산온천/워터파크/국내숙박추천/국내여행추천/숙박/국내숙박,118800,117800,
여행/티켓,I강원 평창I 휘닉스평창(휘플위크/리프트단일권/스노우빌리지/블루캐니언종일권),120000,119000,
여행/티켓,화순금호리조트(전라도/화순금호/화순아쿠아나/아쿠아나/물놀이콘도/워터파크/화순아쿠아나/금호리조트/문자발송),55000,54700,
패션잡화,2+1행사 10켤레균일가 국산페이크삭스덧신양말,7900,7890,
패션잡화,소가죽백 인싸템만 모았다! 델라스텔라 베스트 백 모음 !,28000,28000,
패션잡화,[써니월드]10%할인 봄신상 원터치링 은침 드롭 귀걸이,6900,6900,
패션잡화,[사뿐] 봄신상 플랫/로퍼/하이힐/블로퍼/힐/구두/단화/부츠,25900,25900,
뷰티,오가니스트 샴푸/린스 500ml X 4개 외 엘라스틴/닥터그루트/리엔 특가전,10900,10900,
뷰티,[정품]스웨덴 에그비누 에그팩/바디팩 알찬패키지,10900,10900,
뷰티,이상민이쓰는 비듬/각질/헤어케어 [어헤즈] 스파쿨링샴푸 실속세트 묶음,23900,23900,
뷰티,[쿠폰10%+20%]안티에이징 유세린 젤리세럼 런칭/아이크림 외 BEST +증정,10500,10500,
가구/홈데코,쉬즈홈 순면 삼각쿠션 바디필로우 롱쿠션 대쿠션 등받이쿠션 등,10000,5900,
가구/홈데코,무소음 고급 벽시계/메탈벽시계/국내생산,13900,12900,
가구/홈데코,냅앤드림 디퓨저 200ml 25종 3+1 EVENT! 퍼퓸디퓨저 본품+스틱3개,10900,8900,
디지털,UAG 폰케이스 갤럭시 노트10/노트9/S10/S9 아이폰 11/프로/프로맥스/XS/XR/MAX 전기종 모음전,36500,29200,
디지털,[마이크로소프트] [한정수량 특가세일]MS 스컬프트 에고노믹 데스크탑 키보드+마우스 (정품)당일발송 한정수량 할인행사!!,94400,94400,
디지털,갤럭시노트8/9/10/S10/S10E/5G/S9/S8 아이폰11 프로 XR/X/XS맥스/8/7/플러스 액정보호 강화유리 필름 방탄,4000,3900,
생활주방,[쿠폰+증정]다우니 프리미엄 세탁세제 액체형/폼형 BEST 모음전+섬유유연제 200mlx2개+P&G 틴케이스 外,18800,14800,
생활주방,퓨어 휴대용 손소독제 손세정제 30ml X 20개입,29800,29800,
생활주방,욕실매트 화장실매트 KC인증 욕실미끄럼방지 명인매트,10000,9500,
전체,SOVO 여성구두 펌프스 단화 로퍼 스웨이드 플랫슈즈 블로퍼 슬리퍼,30900,27900,
전체,즐거운 식단관리 라이킷 도시락 5종 6팩/10팩,23500,23500,
전체,[일룸] 학생 책상 BEST / 링키 및 링키스마트 책상 모음전 (14종 中 선택),319000,319000,
전체,[워너비20%쿠폰+더스터1P]팸퍼스 베이비드라이 팬티/밴드 기저귀 1박스,59900,54900,
스포츠/레저,*22%할인*[노스페이스]아동/성인 신학기~간절기 BEST상품 모음전!,36000,36000,
스포츠/레저,*22%할인*노스페이스 프로텍션 자켓 외 남여 자켓/플리스/티셔츠/팬츠 SS 신상의류,35000,35000,
스포츠/레저,[공식]FILA 어글리슈즈 판매 BEST COLLECTION,39000,39000,
스포츠/레저,오니츠카타이거 인기 스니커즈 모음,39000,39000,
도서,(전자파차단스티커+형광펜) 연세 초등 국어사전 영어 한자사전 새국어사전 선택,22000,19800,
도서,[특가] 핑크퐁 한글&영어 놀이! 한글버스/한글가방/한글카드/알파벳 카드/스티커,24360,24360,
도서,15%추가쿠폰! No.1 교육회사 대교가 만든 홈스쿨링 워크북 반짝! 생각이 켜지는 집공부,23000,23000,
도서,반디BOOKS  인문 역사 종교 소설 도감등 195종류  - A BOOK FOR YOU,14500,4200,
남성의류,[엠비오] 역대급 노마진 봄/간절기 정장자켓 정장바지,10000,10000,
남성의류,[JHSTYLE] 기모티셔츠/폴라/니트/후리스/집업/양털/패딩/맨투,10800,10000,
남성의류,코디갤러리外 [스타일데이] 남성 2020 S/S 셔츠/팬츠/니트/아우터/잡화 등,10000,10000,
식품,[화과방] 우유앙빵(35gx30개입) 유기농 목장우유로 만든 향긋한 앙금 가득!,12900,12900,
식품,호올스 스틱 멘토립터스 34g x 20개 외 모음,10500,10500,
식품,[CJ제일제당] 햇반(백미) 210gX24개 외 작은공기/큰공기/잡곡밥/오곡밥/흑미밥 선택구매,31900,31900,
출산/유아,NEW 건강한 유기농 순수한면 생리대 중형 16p x 4팩,15900,15900,
출산/유아,[베베쥬] 20년 봄 신상+추가 쿠폰  레깅스/원피스/상하복/가디건/점퍼/잠옷,10000,9900,
출산/유아,[해피랜드/압소바] 유아 상하복 원피스 내의 등 최대 83% OFF,10000,10000,
출산/유아,[신디키즈] 봄봄 ~두근두근 설레이는 신학기 인기상품전~ 티셔츠/원피스/청바지/치랭스/상하세트,10000,10000,
자동차/취미,아이정 현대 멀티탭 T형 개별 1구 2구 3구 4구 5구 6구,4020,3500,
자동차/취미,대용량 애견간식 6봉 강아지간식 개껌 강아지껌 애견사료 강아지사료 시저캔 츄르,15900,14900,
자동차/취미,카늘 체스 차량용 핸드폰 거치대 휴대폰 스마트폰,14800,14800,
자동차/취미,[공식판매처]벡셀 알카라인 건전지 AA/AAA 20알/C형/D형/9V형-최신제조,6400,6300,
여행/티켓,l당일발송l  오사카 유니버셜스튜디오 재팬 입장권,59900,59900,
여행/티켓,|제주|오늘사용가능|카멜리아힐+혜택몰빵|제주여행|제주동백수목원|제주겨울정원,4200,4200,
여행/티켓,|제주|브릭캠퍼스+다양한혜택|제주여행|제주관광|레고박물관|레고,10800,10800,
여행/티켓,괌 PIC골드 아동동반 객실UP+렌터카+자유여행 4/5일,699000,699000,
패션잡화,[스탠드업] 볼캡 72종/모자 야구모자 스냅백,23400,23400,
패션잡화,[크록스공식] 20SS 신상입고 특가! 100종 슬라이드/샌들외 ~70% OFF,20900,20900,
패션잡화,국산 10켤레 남자 여자 발목양말 패션 중목 단목 정장,6000,5800,
패션잡화,[10%+20%] 키스해링 탠디 우산/장우산/접이식우산/2단우산/3단우산/5단우산/양산/우양산,7640,7640,
뷰티,에스까다 더 클래식 2종/보닌 더스타일 2종 블랙/단품,21900,21900,
뷰티,[미프] 배틀그라운드 콜라보 남성 화장품 기획전 / 굿즈 100%,19000,19000,
뷰티,[공식] 디렉터파이 추천! 착한성분 메이크프렘/안심크림/클렌징폼/선플루이드/리포좀/본사공식,19600,19600,
뷰티,[아이소이] 본사직영/환절기 극복템 ~UP TO 50%,24000,19200,
가구/홈데코,이룸앤 베이직 논슬립 누빔 침대패드 싱글 슈퍼싱글 퀸 패드,11000,9500,
가구/홈데코,[20%추가]아라크네 암막방염블라인드1위 롤스크린,12900,9700,
가구/홈데코,[20%추가]아라크네 콤비블라인드 1위 롤스크린 커튼,100,10,
가구/홈데코,갤러리파크 국내 자체생산 인테리어 사진 그림 액자,1000,900,
디지털,핸드폰 갤럭시노트10 9 8 5 S20 S10 5G S9 S8플러스 A90 V50 G7 지갑형 아이폰11 PRO MAX XS 카카오프렌즈,10000,2800,
디지털,삼성 갤럭시S20플러스 울트라 노트10+ 9 8 S10 5G S9 8 강화유리 스케치 우레탄 포밍 방탄 액정보호필름,12900,9900,
디지털,풀커버 강화유리 갤럭시 노트10 플러스 S10 5G 노트9 노트8 S9 S8 V40 G7 아이폰 11 프로 맥스 XS XR X 8 7,9800,7800,
생활주방,페브리즈 포맨 섬유탈취제 370ml x 3개 + 비데 물티슈 or 4롤 티슈 or 미용 티슈,16500,13900,
생활주방,[다우니] 초고농축 섬유유연제 1Lx3개,16500,12500,
생활주방,코디 기름먹는 키친타올 8롤 2팩(16롤)/화장지/휴지,18500,18500,
전체,[02/26 단하루! 10+20%] 페넬로페 신학기에디션 피치베이지 캡형 외 특별전,18000,18000,
전체,[2/26일 마트데이 10%+20%]잘풀리는집 명작순수 30Mx30롤x2팩/휴지/화장지/각티슈/키친타올,32900,32900,
전체,NEW 순백 블루 3겹 화장지 27m 30롤 x 3팩,31900,31900,
스포츠/레저,[히로 야마모토] 멘탈리스트 투어레인지 프리락 다이얼 보아스타일 골프화(TPU필름무봉제),39900,37910,
스포츠/레저,*22%할인*노스페이스 FW 마감 플리스/다운/모자 외 의류&잡화 모음전,30400,30400,
스포츠/레저,핏분 [1+1] 슬림핏 요가링 FB-RING01 요가용품 요가도구 젠링 마이링 마사지 필라테스링,19900,14900,
스포츠/레저,나이키 인기 의류 슈즈 잡화 베스트 아이템 모음,29800,29800,
도서,15%추가쿠폰! 하뚱세계지도 2종 세트 - 포스터로 떠나는 첫 세계여행,15000,12900,
도서,(사은품증정)(2020년1학기) 중등문제집-우공비.쎈수학.개념쎈.한끝.개념+유형.오투과학.올쏘.싸플 과학.빨리 이해하는. 중학교,13000,11700,
도서,[T멤버십+사은품] 공무원/대기업/공기업 준비 수험서 베스트 도서 모음전! 2020 선재국어/전한길 한국사/이동기 영어/GSAT/NCS,15000,13500,
남성의류,[25%쿠폰][버커루] 데일리베스트 점퍼/맨투맨/셔츠/데님 1만원대~,10000,10000,
남성의류,30%쿠폰!남녀 시원한 에어로쿨 런닝/민소매/나시/끈나시 모음,10900,10900,
남성의류,30%쿠폰!BYC외 브랜드 런닝 신상 특가 대용량 묶음 남성런닝 여성런닝 기능성런닝 텐셀/인견/순면,9800,9800,
남성의류,크리스찬오자르 MITSOSA 셔츠/와이셔츠/남성셔츠/남자셔츠/남성와이셔츠/체크셔츠/스판셔츠/가성비셔츠,10000,9900,
식품,"[10%+20%쿠폰!최종혜택가:9,800원] 켈로그 스페셜K 오리지널 220gx4봉+프로틴바 아몬드 앤 호박씨 30gx2개",13600,13600,
식품,[맛꾼푸드] 해남 베니하루카 햇 꿀고구마 3kg,10900,10900,
식품,[19년 농협 햅쌀] 경기미 슈퍼우먼 참드림쌀 10kg,28500,25900,
식품,[풀무원] 핫도그 골라담기 (올바른/모짜렐라/탱글뽀득/체다모짜),29900,29900,
출산/유아,[리바이스키즈]최대76%/하나만사도무료/데님팬츠/토들러/주니어,19000,19000,
출산/유아,[파격할인/행복한바오밥] 베스트 73종 추천 보드게임 [장난감/선물/인기보드게임/학습보드게임/설선물],12900,12900,
출산/유아,[20%할인] [국내생산] 마미포코 에어핏/피부온기케어/리프가닉 외 밴드/팬티 기저귀 기획전,32400,32400,
출산/유아,[함소아] 함소아 철분가득 2개월,33900,33900,
자동차/취미,지니펫홍삼함유간식소고기/연어/오리/치즈애견영양간식4종!,15000,12000,
자동차/취미,스투키/호야 화분 3촉/5촉 블랙/화이트 개수/사이즈 등 선택,6900,5890,
자동차/취미,차모아 럭셔리 메탈 고급 자동차 주차번호판 주차알림판 전화번호판,5900,5900,
여행/티켓,제주 에코랜드 입장료 할인/제주도 가족여행/제주테마파크,9000,9000,
여행/티켓,제주 카멜리아힐/겨울 동백축제/제주동백,3700,3700,
여행/티켓,|제주|당일사용가능|메이즈랜드+다양한혜택,7500,7500,
패션잡화,[10%+20%+22%T멥]신상입고/지아네세탁소/여성가방/봄신상/크로스백/숄더백/신학기백팩/여성백팩/남성백팩,10000,9900,
패션잡화,[크로반] 튼튼한우산 자동우산 장우산 골프우산 방풍우산 예쁜우산 암막우산 양산겸용우산 양우산,8900,7900,
패션잡화,BYC외 빅사이즈 고탄력 고퀄리티 팬티스타킹 압박스타킹 10매 20D/30D/80D/150D,8900,8900,
패션잡화,[10%+20%] 백화점 여성가방 데일리백 핸드백 소가죽 크로스백/미니백/토트백/숄더백/여성백팩,19900,19900,
뷰티,[이키루] 미용가위세트 헤어컷+숱가위/앞머리가위/틴닝가위/이발가위/애견미용가위/강아지미용가위,11900,9900,
뷰티,"[스타일아로마테라피] 이스라엘 오블레피카 비타민나무열매오일 향기좋은 백화점 천연바디로션 400ml, 2개  1+1 사해 고보습 피부영양 데일리모이스처",32000,19200,
뷰티,[에뛰드] 역대급 콜라보 허쉬 컬렉션! 에뛰드데이 20%!,14000,9900,
가구/홈데코,"무점착 창문 시트지 암막(블랙, 화이트) 유리창시트지 안개 스트라이프 고방 투명 반투명 자외선차단 73종",2500,1450,
가구/홈데코,인기시트지 최다보유 !! 에어프리 고광택 발포 호일난연 타일 벽돌 포인트 택일,3000,2190,
가구/홈데코,오픈형 통풍 코일 현관매트 베란다 발코니,100,90,
디지털,[로지텍] 로지텍코리아 R500 무선 프리젠터 정품,44900,44900,
디지털,공식인증점 MS Wireless Desktop 3050 정품세트,36700,36700,
디지털,삼성 갤럭시S20플러스 울트라 노트10+ S10 5G S10+ 천연소가죽 카드수납 플립 래더 지갑 다이어리케이스,34000,34000,
생활주방,[송월타올] 타올세트+12종 사은품 /호텔수건/30수/40수/답례품,10000,9500,
생활주방,[행필품]샤워메이트 말랑이 버블 핸드워시 용기 + 리필 구성특가,11900,11900,
생활주방,[11번가엔X리벤스] 빨간맛 테이프크리너 9종세트(반려동물 털 청소) 돌돌이/찍찍이,10900,10900,
전체,맥심 화이트골드 커피믹스 400T+키티버니포니에코백2개/모카골드 커피믹스 400T+커피20T랜덤,43510,40900,
전체,업계를 리드하는 기업 3sk택배박스!,33220,29900,
전체,아넬라 로지오가닉 2월26일 행사 과일퓨레 배도라지푸룬 아이간식,34900,34900,
스포츠/레저,[레노마골프] 프리미엄 잡화모음전 벨트/모자/장갑/신발 외,10000,9900,
스포츠/레저,[30% 다운쿠폰]아디다스 BEST 의류 슈즈 잡화 총집합,29800,29800,
스포츠/레저,[30% 다운쿠폰]신학기 나이키 아디다스 외 운동화 의류,28500,28500,
도서,작은 아씨들 (영화 공식 오리지널 커버) (양장),16500,14850,
도서,[T멤버십+안 흔한 일기장] 흔한남매 안 흔한 일기 1,12000,10800,
도서,"15%추가쿠폰! 유아포스터 28종 세트 (사운드벽보, 색칠놀이)",149000,59900,
남성의류,M~5XL반바지 빅사이즈 남성 트레이닝 5부 밴드 체육복 헬스 요가 큰옷 홈웨어 긴바지,10000,8900,
남성의류,3+1 M~5XL 오버핏/롱5부 7부/반팔티/남자/커플 반팔후드 박스티 남녀공용 빅사이즈 면티,9900,8900,
남성의류,시즌오프&봄신상 기모/체크/청남방/기모슬랙스/청바지/남녀공용/셔츠/남방/슬랙스/팬츠/헤이브로,11900,8900,
식품,네이처밸리 크런치 그래놀라바 5팩(봉) X 5박스,19000,19000,
식품,[아임웰] 굿밸런스 라이트밀 도시락 BEST 9종 12팩,61800,61800,
식품,"(허닭본사) 건강식단 간편식 도시락/볶음밥 골라담기 2,900원대!",4100,4100,
출산/유아,[유니프랜드][오가닉]유아동/주니어/키즈/9부/단면/겨울/내의/내복/실내복,5900,5900,
출산/유아,[26일 마트데이 5%+20%][하기스] 네이처메이드 기저귀,55500,55500,
출산/유아,[26일 마트데이] 내츄럴코튼 시그니처 생리대 5+1팩[6팩] 팬티라이너 오버나이트,13500,13500,
출산/유아,[아토엔오투] [아토앤오투][의약외품]바른 손소독제 500ml 손세정제/핸드워시/손소독젤,19800,19800,
자동차/취미,면장갑100켤레 목장갑 반코팅 코팅 예식 3M 작업 장갑,13210,11500,
자동차/취미,"에너자이저 알카라인 건전지 AA,AAA 24알/48알/배터리/랜턴/충전기",12900,11610,
자동차/취미,오공 국내산 박스테이프 40m 50m 75m,12700,10700,
자동차/취미,면장갑 100켤레 목장갑 색사 반코팅 안전 작업용 코팅장갑,11500,10000,
여행/티켓,|제주|오늘사용가능|레일바이크+혜택몰빵|용눈이오름뷰,9800,9800,
여행/티켓,[인천/부산출발]세부 제이파크리조트 특식+관광 패키지vs내맘대로 자유여행 5일,553000,553000,
여행/티켓,괌두짓타니 오션프론트 디럭스룸+공항픽업+아일랜드관광 4/5일,529000,529000,
패션잡화,따뜻한 겨울양말부터 패션양말까지! 페이크삭스/발목양말/남자양말/여자양말/학생양말/캐릭터양말/정장양,590,580,
패션잡화,가죽 여성 백팩 가방 미니 여행용 여자 에코백 토트백,17910,16900,
패션잡화,가성비최고 신상 여성가방 쇼퍼백 숄더백 빅팩 에코백 크로스백 여성 여자 가벼운 가방 핸드백 방수 루루백,16000,15900,
뷰티,[쿠폰30%] 조성아뷰티 H 세럼스틱 허니골드,40000,16000,
뷰티,프레쉰업 카밍 워터 크림 90ml #코알라크림 #수분크림 #만능크림 끈적이지 않는 촉촉한 수분크림,14400,14400,
뷰티,투쿨포스쿨 S/S신상템! 온라인단독 NEW멀티팔레트/툴박스/멜팅앰플/쉐딩 외 BEST!,12000,12000,
가구/홈데코,[이누스바스] 스톤 콜라주 外 타일욕실 리모델링(욕조/파티션),2470000,1976000,
가구/홈데코,[품절대란] 재입고_카카오프렌즈 사계절 이불세트 SS 9종,49000,49000,
가구/홈데코,신학기! 동서가구LV베이직정면책상SET6종택/ 학생책상 공부책상 전면책상,93000,78900,
디지털,[네티스온라인총판/오늘출발] WF2781 4포트 기가비트 5G 무선 유선 와이파이 공유기,32000,32000,
디지털,앱코 K640 게이밍 기계식 키보드 [100% 장패드증정 참여행사] K [우체국발송],28900,28900,
디지털,[신상] 차량용 무선 고속충전 거치대 15W 무선충전기 WCH1 스마트폰인식 / 시동꺼져도 자동슬라이드,29900,29900,
디지털,스킨즈 글라스 풀커버 강화유리 액정보호 방탄 필름 아이폰 11 XS XR MAX 갤럭시 노트10 8 S9 E 플러스 S9,4000,3400,
생활주방,코디 친환경 무표백 에코그린 30롤x3팩/휴지 화장지,37900,37900,
생활주방,해피콜 양면팬 / IH싱크로 양면팬/ 생선구이팬 / 점보그릴팬,35900,35900,
생활주방,[카르닉] 1+1 600ml/900ml 스테인리스 텀블러/대용량텀블러/진공텀블러/이중 보온보냉컵/답례품,17800,14900,
생활주방,[10%쿠폰할인]쉐프 위생장갑500매 비닐장갑 일회용장갑,9900,9800,
전체,오랄비 BEST [초미세모/토탈/잇몸케어] 칫솔 12입 모음,10900,8500,
전체,시디즈 링고 학생용의자+발받침(SNA509ACF/SNA509AV),157370,149000,
전체,루이비통/고야드/생로랑/구찌/에르메스/샤넬/아울렛상품 가방 지갑 악세사리류 모음전,457000,457000,
전체,[20%중복쿠폰] 헤드앤숄더 샴푸/린스 850mlx3개 + 3종 증정품,29900,20500,
스포츠/레저,나이키/휠라/엠엘비 성인 운동화 런닝화 모음전,28900,28900,
스포츠/레저,20SS  나이키 프리미엄 런닝화 슈즈 의류 특가 모음,29900,29900,
스포츠/레저,리복/아디다스/르꼬끄/운동화/스니커즈/런닝화/크로스핏화/실내운동화/신발,29900,29800,
스포츠/레저,[슈마커]20%+10%아디다스/리복/푸마 운동화 신상 sale,29000,29000,
도서,논술만화 한국문학 베스트 10 (전10권) 2~4학년,98000,43000,
도서,세이차트 18종 세트,99000,49900,
도서,하뚱터치북 5종 세트 - 필수 단어 보드북,60000,34500,
남성의류,[단군] 남자코디/남성셔츠/남자티셔츠/남자면바지/남여밴딩바지/긴팔셔츠/슬랙스/셔츠/남자남방/항공점퍼,12900,9900,
남성의류,[25%] 킨록 SS 봄 스타일초이스 ! 간절기/정장/니트/셔츠 外 ~90%OFF,19000,19000,
남성의류,[30%쿠폰]탑보이 남자청바지/기모청바지/S~4XL/일자/슬림/스판/블랙진/빅사이즈/밴딩/남성바지,16000,15900,
남성의류,봄신상 고탄력 밴딩슬랙스 스판면바지 와이드팬츠 남성바지 남성면바지 반바지,15700,15700,
식품,[우체국쇼핑] 전북 신동진쌀 10kg #19년햅쌀 #등급(상),28900,27400,
식품,"[2/26 10%+15%중복쿠폰] Best 도시락 혼합 18종 6/10/12팩 기획전, 건강한 식단 저칼로리 식사대용",23900,23900,
식품,[CJ제일제당]햇반 찰보리밥210gX24개/발아현미밥/잡곡밥/매일콩잡곡밥,29900,29900,
식품,절대기회 직수입 프리미엄 애플망고 4kg(11-12과),32900,29900,
출산/유아,[배넷베이비] 봄실내복_슬립색 양말_인기 아이템 행사,10000,7900,
출산/유아,[쿠키하우스] 돋보이는 우리아이 아동/키즈/주니어 여아의류 신학기,20000,18800,
출산/유아,[마트데이 10%+20%]단하루!/BEST 모음전/순둥이 아기물티슈,24900,24900,
자동차/취미,리틀트리 종이방향제 모음전/종이방향제/차량용방향제/실내방향제,1400,990,
자동차/취미,[pepe] 페페글라이드 블랙캡 러브젤 360ml 페페젤/성인용품,9000,8900,
자동차/취미,DIY 마블 어벤져스 캐릭터 그리기 아이러브페인팅,15800,7900,
자동차/취미,일상교감 원목 고양이 모래삽 화장실 알루미늄 모래삽,11900,9900,
여행/티켓,[제주] 박물관은살아있다 (제주관광지/제주가볼만한곳/제주도/할인권/제주테마파크/제주레저/제주체험),9200,9200,
여행/티켓,|제주|바로사용가능|화조원+다양한혜택|제주동물원|동물체험|,11200,11200,
여행/티켓,|제주|한림공원+다양한 혜택|제주산책코스|제주식물원|방림원,6650,6650,
여행/티켓,l당일발송/1+1프로모션l 도쿄 롯본기힐즈 전망대+모리미술관,9900,9900,
패션잡화,[10%+20%] 라이니 니트백 모음전 /여성가방/크로스백/숄더백/머플러/캡모자/,14900,14900,
패션잡화,겨울비 준비! 짱짱한 브랜드 패션우산/장우산/3단우산/2단우산/3단자동우산/골프우산/암막우산/우양산/아동,3900,3900,
패션잡화,고퀄리티 여성 백팩/가죽/배낭/책가방/학생가방/캐주얼백팩/여자백팩/대학생백팩/직작인백팩/노트북 백팩,16000,15900,
뷰티,[본사]닥터자르트 세라마이딘/시카페어 외 BEST 상품 모음전,12000,12000,
뷰티,미쯔요시 아이메이크업 기획전/컨실러/스펀지/아이라이너 외,12100,12100,
뷰티,단3일! AHC 2월 균일가 클리어런스 아울렛전,4900,4900,
가구/홈데코,[시디즈] T40 시리즈 T402HF 메쉬의자,178490,169000,
가구/홈데코,[슬로우] 워너비 바닥형 프리미엄 토퍼 10.0 + 10%쿠폰,525900,399900,
가구/홈데코,[10%+10%쿠폰/아망떼] 어린이집 알러지케어 낮잠이불/순면낮잠이불/애착베개/순면러그/바디필로우,29900,25900,
디지털,더치패브릭 프리미엄 5핀/8핀/C타입 고속충전 케이블_애플/아이폰/삼성/LG/핸드폰/휴대폰/충전기/USB/폰,5000,4900,
디지털,알로코리아 USB PD C타입 고속 멀티 충전기 UC560PD 아이폰 핸드폰 휴대폰 아이패드 갤럭시 노트 무선 충전,22900,22900,
디지털,[앱코] 앱코 NC300 노트북 쿨링 패드 거치대 받침대 쿨러 스탠드 K ㅡ앱코 온라인공식판매점 ㅡ,21400,21400,
생활주방,[페브리즈 증정]잘풀리는집 리얼실키 각티슈 250매x3입x4개/미용티슈/화장지/휴지,21900,19900,
생활주방,일리 프란시스 Y3.2 커피머신(화이트/블랙/레드)블루색상추가 + 웰컴캡슐,99900,99900,
생활주방,[10장]럭스리브 호텔수건 30수 150g 170g 190g,22900,17900,
전체,[꿀잠자기]뻑뻑한눈 촉촉하게 온열 아이마스크10매/노폐물흡수 발패치,12900,8900,
전체,쭈꾸미사령부 5팩기획+무료배송,39500,37500,
전체,[한예지] 화장지 3겹 30롤 3팩 모음전,25800,25800,
스포츠/레저,[레노마골프] FW 캐주얼 라운딩웨어! 기모티셔츠/베스트/팬츠/큐롯 외 최대 88%,29000,29000,
스포츠/레저,2월신상 아디다스 배지오브 긴팔티외 나이키 맨투맨 후드 집업자켓 후드집업 긴바지 트레이니의류,29800,29800,
도서,15%추가쿠폰! [마이리틀타이거] 타이거 악기세트 /캐스터네츠/마라카스/드럼/탬버린/피리,26900,16900,
도서,"15%추가쿠폰! [마이리틀타이거] 마이펫 스팽글백 2종(치와와, 말티즈)",20000,13900,
남성의류,[15%] 아쥬테코 시즌오프! 아우터 모음전/숏패딩/양털/후리스/자켓,19900,13900,
남성의류,11번가 단독 프리미엄 후드/자켓/티셔츠/폴라티/니트 남녀공용 여성용,7000,5000,
식품,[포르미]흑현미/귀리잡곡 닭가슴살 도시락 10종 12팩,39900,34690,
식품,[10%+20%중복쿠폰][포켓샐러드] 신선하고 간편한 샐러드 12종 골라담기,5200,4600,
출산/유아,[26일 마트데이 5%+20%]슈베스 기저귀 4팩 밴드/팬티 모음,25900,25900,
출산/유아,[10%+20%]릴리유 아기물티슈 핑크무민 캡8팩+견본4팩,16600,16600,
출산/유아,[24일~1일 30%] 라네이처 100%유기농순면 울트라 날개 중형 12매 x 3팩 + 린넨 에코백 증정,17800,17800,
자동차/취미,다딱 스마트 클리너 초미세 나노브러시 멀티크리너,11700,9900,
자동차/취미,[15%할인쿠폰]신학기 생활비달력/목표관리/다짐/탁상시계/피지흡입기/귀여운무드등/,4600,4500,
자동차/취미,[스위스밀리터리] 다용도 공구박스 18인치,14000,5900,
여행/티켓,|제주|바로사용가능|아이스뮤지엄+3D착시아트+5D영상관+다양한혜택|수목원테마파크,10900,10900,
여행/티켓,|제주|세리월드 카트+다양한혜택|제주여행|세리월드|제주카트체험|제주중문관광단지,12500,12500,
여행/티켓,[최대55%할인] 뮤지컬 여명의 눈동자,19900,19900,
패션잡화,언니네양말~ 봄 패션/남자여자/페이크삭스/덧신/남성여성/발목양말/학생양말/무지/골지/긴목/신학기,190,190,
패션잡화,봄봄한 헤어악세사리~ 슈슈/헤어밴드/대용량고무줄 초저마진진행 신학기입학선물,590,590,
뷰티,2월은 바닐라데이! 졸리맛탕틴트/마카롱제로/컬리스튜디오 신상출시,11200,11200,
뷰티,[잇츠스킨 혜리 추천하는 아이템 UP TO 75%+추가쿠폰,19800,9900,
뷰티,[쿠폰30%] 품절대란 3초섀도우! 조성아 16브랜드 아이매거진1+1,26000,8900,
가구/홈데코,창문시트지 무점착 암막 UV 유리창시트지 고방 안개 자외선차단  썬팅필름 비산방지 유리창리폼,2500,1690,
가구/홈데코,시디즈 T50 시리즈 NEW T500HLDA 화이트쉘 메쉬의자,351110,316000,
디지털,[전제품 무료각인]태경리테일 U10-8G 외 샌디스크 정품 USB메모리 8~256기가 최다구성,10000,5900,
디지털,삼성 갤럭시s20울트라 강화유리 포밍 우레탄 방탄 액정보호필름,12900,9900,
생활주방,손소독제 손세정제 원더핸드 후레쉬겔 500ML 대경제약/ 보건소 병원 사용 제품,11900,9900,
생활주방,[20% 할인]3초 심플 접이식 리빙박스 2P/폴딩박스/공간박스/보관함/속옷정리함,10000,9900,
생활주방,하나에하나더 ! 곰팡이제거제 500mlx2 몬트 욕실청소 욕실곰팡이 화장실곰팡이 줄눈곰팡이,16900,15900,
전체,"[10%+15%] 20,900원 프렌치카페 커피믹스 120+160T+프렌치카페10T/ 커피",27310,24580,
전체,"[슈펜] 신학기 필수템 5,000원부터! 최대 55%OFF!! 플랫/실내화/슬립온등",9900,9900,
전체,영양이 풍부한! 국내산 순살 고등어 80g~100g×5팩,9900,6600,
스포츠/레저,아디다스 인기 운동화 런닝화 스니커즈 모음,27900,27900,
스포츠/레저,[아디다스] 인기 스니커즈/운동화 모음,25800,25800,
스포츠/레저,(밸런시스)/ 대만산 요가매트 이벤트 모음전,30000,23900,
도서,15%추가쿠폰! [마이리틀타이거] 타이거 덩크슛 /유아농구/농구골대/농구공/유아체육,50000,34900,
도서,하뚱말씀가득 3종 세트 + 30가지 재료상자,49000,36900,
도서,15%추가쿠폰! [마이리틀타이거] 버블버블 옥토퍼스 /목욕놀이장난감/목욕장난감/물놀이장난감,30000,22900,
남성의류,30%쿠폰!브랜드 남성 런닝 트렁크/사각팬티/나시/속옷/1매/3매,10900,10900,
남성의류,에시드블랙 남여공용 티셔츠/맨투맨/후드티/팬츠/모자 등,10900,10900,
남성의류,아놀드바시니/폴로 인기브랜드 남성속옷 드로즈2매/3매 남자팬티 모음전,10900,10900,
식품,[더작][총4개월분] 300달톤 저분자콜라겐 타블렛 60정 x 2병,48000,48000,
식품,소곱창구이 170g + 참소스 포함,8900,8900,
식품,[칠갑농산] 우리쌀국수 등 16종 간편 즉석식품 박스형 모음전,18900,17900,
출산/유아,[뉴발란스키즈 본사] 20년 SS 신상 신학기책가방 봄의류 운동화 바람막이 맨투맨,45000,42750,
출산/유아,[붐붐키즈]봄신상/상하복/세트/츄리닝세트,10000,8800,
출산/유아,[디즈니]봄맞이 준비 유아동 인기캐릭터 실내복/원피스/상하세트/시크릿쥬쥬/겨울왕국/마블,7900,7900,
자동차/취미,면장갑 50켤레/목장갑/반코팅/코팅장갑/3M장갑/3M슈퍼그립200/천하무적/NBR/작업용/표백/도트장갑/안전장,8000,6930,
자동차/취미,(천하무적)니트릴 폼 코팅 장갑/3M 슈퍼 그립/겨울용/방한용/면장갑/목장갑/반코팅장갑/작업용/이중코팅,1130,990,
자동차/취미,3M스티커제거제/3M스프레이접착제/타르제거제/3M,3000,2610,
여행/티켓,[경기] 포천 허브아일랜드 불빛동화축제(입장료포함)+헤이리마을+임진각 평화누리공원/별빛축제/서울出,21900,21900,
여행/티켓,제주도 배낚시체험/차귀도 달래 배낚시/제주 서부 관광지,10000,10000,
여행/티켓,|제주|신라호텔 글램핑_바베큐+다양한 혜택|제주신라호텔|제주글램핑|제주바베큐,35100,35100,
패션잡화,당일발송 모모리찌 남성 지갑 캐주얼 지갑 선물,9900,6400,
패션잡화,[써니월드]10%+20% 고퀄리티 은침 원터치/링/드롭 귀걸이,6900,6900,
패션잡화,[블랙마틴싯봉] 브랜드 여성손목시계 모음전,10900,10800,
패션잡화,[아가타 스프리스 기라로쉬 레코바 힐캔] 브랜드 남녀 운동화/슬립온/스니커즈/로퍼/컴포트화,10000,10000,
뷰티,[쿠폰10%+20%] 한스킨 쿠션구매시 블커7Days 퍼프 외 베스트,17000,9900,
뷰티,[블리블리] 아우라 꿀광 쿠션 외 베스트 87종,14000,14000,
뷰티,[마트데이 10%+20%] 다슈 데일리 탈모 증상 완화 기능성샴푸/토닉 외 BEST모음,14900,12900,
가구/홈데코,한화 쉬움 친환경 장판 셀프시공 접착식 바닥시트 1개,45900,39020,
가구/홈데코,[20%쿠폰]삼익가구 대표 침대 앤디 LED/일반헤드/헤드리스 빅서랍 멀티 수납 침대,161300,137110,
가구/홈데코,인조대리석 아일랜드식탁 홈바 광파오븐 전자렌지 전기밥솥 수납장 테이블 선반 서랍장 주방수납장 10종,107000,99100,
디지털,[샌디스크] SOI  울트라 마이크로SDXC메모리 64GB + 리더기,11900,9900,
디지털,"JCPAL 맥북 프로 13,15인치 단축키 키스킨",16400,8900,
디지털,핸드폰 액정보호 풀커버 방탄 필름 강화유리 갤럭시S10 S9 S8 플러스 S7 S6 노트9 8 7 5 아이폰X XR 8 7 6,3900,3900,
생활주방,[페브리즈] 섬유탈취제 리필 320mlx3개 + 비데 물티슈 or 4롤 티슈 or 미용 티슈,14900,10900,
생활주방,[02.26마트데이]참그린 석류 식초설거지 470gx2개+900gx3개 주방세제,15900,15900,
생활주방,[20% 중복할인][11번가 단독 기획상품] 스피드랙 3단 1+1 기획특가상품/선반/앵글,71000,71000,
전체,[26일 마트데이 5%+20%]보솜이 액션핏/원더팬티/리얼코튼/베이비케어 4팩 특가전,42900,42900,
전체,오랄비 (어린이 칫솔) 스테이지스 1-4단계 칫솔 12입,28500,20500,
전체,[모나리자] 모나리자 미용티슈 250매 3입 4개 총12개 각티슈,20700,20700,
스포츠/레저,[미즈노정품] 맨투맨 긴팔티 간절기 트레이닝복 45종,11800,11800,
스포츠/레저,2020 베스트 아디다스/뉴발란스/휠라/리복 런닝화 운동화 데일리 스니커즈 100종,22900,22900,
스포츠/레저,베스타 철주머니 손목 발목 중량밴드 5Kg (2.5kgx2개),23800,23800,
도서,"15%추가쿠폰! [마이리틀타이거] 타이거 키즈 미니백 4종(하트,토끼,아이스크림,딸기)",15000,11640,
도서,15%추가쿠폰! 하뚱세이카드 2종 세트,55000,42900,
도서,15%추가쿠폰! [마이리틀타이거] 타이거 볼풀 세트 /볼풀장/볼풀텐트/볼풀리필용/공놀이,49000,39000,
남성의류,[30%쿠폰][그랜피니]여름신상/국내생산/반팔/아이스티셔츠/반바지/티셔츠,13000,9900,
남성의류,[30%쿠폰] 신상 남성 셔츠 70종 ~4XL 옥스포드/베이직/체크/스트라이프/양털/프린팅/오버핏/빅사이즈,11000,8900,
남성의류,[95-140] 봄 신상 남자셔츠/빅사이즈/와이셔츠/남방/체크/골덴/오버핏/청남방/스트라이프/기모/옷/행사,10000,9800,
식품,[베지밀] 정식품 오리지널 A B 두유세트 32팩,21500,17910,
식품,"Dole 돌 후룻컵 6개, 후룻볼 12개, 과일 파우치! 간편과일 컵과일",14500,14500,
식품,[팜에이트] 토핑샐러드 5팩 골라담기,21900,21900,
출산/유아,[26일 마트데이 5%+20%]킨도 프리미엄 밴드/팬티 기저귀 2팩*물티슈 블루 휴대용 6팩,23900,20900,
출산/유아,[26일 마트데이 5%+20%]1팩+칫솔2입증정! 국내생산 토디앙 핑크퐁 외 밴드/팬티 기저귀 특별전,34100,34100,
출산/유아,120mlx3개 150mlx3개 손소독제/의약외품 휴대용 손소독제 에탄올 62% 겔타입/바이러스예방,14900,14900,
자동차/취미,목걸이명찰/아크릴명찰/스퀘어명찰/집게명찰/관광명찰,40,40,
자동차/취미,(무.료.배.송)사탕뽑기기계 인형뽑기 캔디크레인 사탕뽑기 화이트데이,34000,33900,
자동차/취미,로티홈시스 접이식 플랫폼 핸드카트 대차 모음딜,71900,59900,
여행/티켓,[제주] 윈드1947카트 (제주도가볼만한곳/제주도관광/제주여행/제주도여행/제주관광지/제주도관광지/제주도입장권/제주관광코스/제주자유여행/제주여행특가/제주도여행추천),17000,17000,
여행/티켓,[제주] 서귀포잠수함+제주가볼만한곳 (제주도가볼만한곳/제주도관광/제주여행/제주도여행/제주관광지/제주도관광지/제주도입장권/제주관광코스/제주자유여행/제주도아이랑/제주이색체험),33000,33000,
여행/티켓,[10%추가할인] 제주관광지 자유이용권 BIG2/3/4/5,10300,10300,
패션잡화,[윤이나몰] 신규프로모션! 귀걸이/목걸이/쥬얼리 기획전! 990원부터~,990,990,
패션잡화,[로자르][10%+20%sale] 봄신상 여성가방/생활방수 천가방/숄더백/크로스백/가죽가방/에코백/스팽글백/백팩,12000,11900,
패션잡화,비비안 비너스 무크 벌크 팬티스타킹 10매 압박 밴드 판타롱 사계절 환절기 데일리 기모,11900,11900,
뷰티,[아이비웰니스] 팬톡시크릿 여성유산균 2종,49900,29900,
뷰티,[쿠폰10%+20%] 투쿨포스쿨 NEW&BEST 뷰티템! 멀티팔레트/국민쉐딩/틴트 외 ~50%,15000,12000,
뷰티,[아모스] 아모스 녹차실감 샴푸액 지성타입 500ml 1개,21470,18250,
가구/홈데코,[슬로우] TV캠핑클럽 속 메모리폼 베개 +10%쿠폰,59900,47400,
가구/홈데코,[슬로우] 효도선물/손님방 토퍼 7.0/10.0,298900,239900,
가구/홈데코,[십일절] 플렌느 방향제 디퓨저 1+1+1+1 크리스탈 캔들 1+1 한정 수량!,24900,21000,
디지털,퀄컴 퀵차지 3.0 듀얼 USB 고속 핸드폰 멀티 충전기 어댑터 T2 급속/아이폰/휴대폰/스마트폰/C타입/PD,22300,17800,
디지털,[호후] 4in1 아이폰 젠더 USB OTG 8핀 이어폰잭충전 TF SD 카드 아이폰8 아이폰11 X XS XR 프로 맥스 011,17600,17600,
디지털,요이치 아이폰 고속 무선 충전기 코엘 / 갤럭시+고속아답터 증정,17800,17800,
생활주방,[락앤락] 텀블러/보온병 모음전,20640,20640,
생활주방,beurer 보이로 전기요 풋워머 세트,67500,60080,
생활주방,[페브리즈]화장실용 에어 275gx3개  + 비데 물티슈 or 4롤 티슈 or 미용 티슈,17500,13500,
전체,맛있닭 닭가슴살 스테이크 8팩 외 72종 골라담기,12900,12900,
전체,[퓨어스펙]고당도 오렌지 중소과 20과,12900,12900,
전체,[팜에이트] 프리미엄샐러드 5종 패키지 유희영쉐프가 만든 건강식,29700,29700,
스포츠/레저,요아케 양면 투톤 TPE 요가매트 6mm SGS인증,25900,22500,
스포츠/레저,[휠라]키즈 신학기가방/세트/아동화/스니커즈 새학기모음!,23900,23900,
도서,15%추가쿠폰! [마이리틀타이거] 타이거샌드-공사장세트 /공사장놀이/모래놀이,30000,24900,
도서,좋은생각 : 정기구독 1년 ( 구독선물 ),36000,30000,
도서,15%추가쿠폰! [마이리틀타이거] 타이거엔진-카캐리어 /미니카/자동차장난감/자동차보관/캐리어,38900,33900,
남성의류,데일리 풀코디! 셔츠/티셔츠/가디건/바지/2020봄코디/남자봄코디,10000,8900,
남성의류,[M~2XL]남녀공용 빅사이즈 트레이닝복 트레이닝바지 조거바지 밴딩바지 져지바지 카고바지,10000,9900,
식품,마이비밀 다이어트도시락 밸런스라인 더슬림라인 10팩,37900,37900,
식품,[루토사] 대용량 감자튀김&시즈닝 골라담기/간식끝판왕,6900,6900,
출산/유아,[2/25 VIP데이][러닝리소스] 뻔하지않은 고퀄을 자랑하는 주방놀이!,33900,33900,
출산/유아,[10+20% 마트데이] 슈베스 생리대 세트구성 / 중형 대형 슈퍼롱 오버나이트 팬티라이너 롱 모음전,11900,11900,
자동차/취미,[툴앤툴] 18.5V 충전식 무선 햄머전동드릴TNT-REX18LIZ,59000,49900,
여행/티켓,|제주|뽀로로앤타요 테마파크+아쿠아플라넷 아쿠아리움권+혜택몰빵|키즈테마파크|제주필수관광지,35500,35500,
패션잡화,[10%+20%coupon]100%국내생산 면 양말/덧신/중목/양말,10000,10000,
패션잡화,[Neegee]14K골드100%정품 주얼리100종/귀걸이/목걸이/팔찌 봄신상 추가,10000,9900,
뷰티,공식 하다라보 고쿠쥰 로션 2+1(리필증정)외 하다라보x아크네스 모음전,16000,16000,
뷰티,[마트데이 10%+20%] 프레쉬라이트 밀키/폼 염색약 골라담기!_손거울 증정 / 2세트무료배송+샴푸증정,6800,6800,
가구/홈데코,이룸앤 폭신한 베이직 양면 차렵이불 싱글 더블 사계절 이불,15000,13500,
디지털,삼성 갤럭시S20플러스 울트라 노트10 S10 5G 실리콘 범퍼 투명 하드 가죽다이어리케이스,16900,14900,
디지털,[인커버] 핸드폰 목걸이 스트랩 줄 폰 케이스 갤럭시 노트10 플러스/노트9/노트8/S10 5G/S9/S8/A90/A7/아이폰11 pro 실용적인 깔끔한 에어핏 스마트폰 목걸이 케이스,15900,14900,
생활주방,[2080 X 핵불닭볶음면] 불닭치약 한정판_불닭불닦 스페셜 기획세트(치약+양치세트+여행용티슈+불닭볶음면),8900,8900,
전체,[25%쿠폰][루시앙 外] 홈쇼핑 HIT! 봄신상/클리어런스 파격가 구매찬스!,10000,10000,
스포츠/레저,신학기 나이키 키즈 아동 초등학생 운동화,21800,21800,
스포츠/레저,[올포유] 신규추가 인기 점퍼/자켓 20%,10000,6000,
도서,(성경읽기표+형광펜 증정)[성서원][개역개정] 큰글자 성경전서 새찬송가-/소/중/대/특대/합본/지퍼/색인/성경책,35000,30600,
도서,(미니블록 외) why시리즈 과학.한국사.세계사.피플/인문고전.인문사회.수학.예림당 학습만화 선택구매,11000,9900,
남성의류,A봄 신상 추가 져지 트레이닝바지/츄리닝/운동복/남성/체육복/반바지,7800,7800,
남성의류,"키스해링 남성 언더웨어, 남친 선물로 딱이야!!",2900,2900,
식품,"[AllPRIME 전용] [매일유업] 상하목장 슬로우키친 스프 9팩 (양송이, 클램차우더, 단호박크림)",15900,9900,
식품,[고철남홍삼] 짜먹는 전체식 홍삼스틱 하루한포 실속형 100포,49900,49900,
출산/유아,[트렌드] 고잉키즈 봄신상 아동복 상품 5900원 +22%스타일픽 +22% T위크추가,12000,8900,
자동차/취미,[신상 특가!] 롯데차량용 공기청정기 LE-310,39000,29000,
여행/티켓,[제주] 낙타트래킹+제주아리랑공연 (제주도가볼만한곳/제주도관광/제주여행/제주관광지/제주도관광지/제주도입장권/제주관광코스/제주투어/제주자유여행/제주도아이랑/제주이색체험/브이패스),14500,14500,
패션잡화,봄신상 패션안경테 청색광차단 블루라이트차단 동글이 티타늄 안경테,10000,9900,
뷰티,다슈 포맨 프리미엄 헤어왁스/헤어스프레이/다운펌,15000,8900,
뷰티,에이지투웨니스/루나/에이솔루션 BEST&NEW~47% (예리코팩트/수분광팩트/컨실러),12900,12900,
가구/홈데코,[더코이즈] 1+1 골라담기! 봄맞이침실새단장 극세사/순면/시어서커 침대패드,39800,38800,
가구/홈데코,로미홈 9존 마약매트리스 침대 접이식 바닥 토퍼 메모리폼 라텍스 3단 수면매트,42000,34900,
디지털,핸드폰 노트10 9 8 5 갤럭시S10 플러스 5G S9 S8 S7 지갑형 V50 A8 아이폰11 프로 7 6 XS MAX 카카오프렌즈,10000,2800,
생활주방,KS 수도꼭지 샤워기 세면대수전 샤워수전 싱크대수전 주방수전 코브라수전 수전 욕실샤워수전 씽크대수전,18700,18700,
생활주방,하드 변기커버 변기시트 중형 대형 특대형 무소음 댐퍼 양변기시트 변기솔 유아변기 아이변기,7200,7200,
전체,[CJ제일제당] 고메 핫도그/스테이크/미트볼/치킨/피자/돈카츠 1+1+1 골라담기,18500,18500,
전체,[대디오대디]봄신상/아동복/유아복/맨투맨/면바지,10000,8800,
스포츠/레저,아웃도어 여행 레저 야외활동 필수 스카프 마스크 18종,6900,6900,
스포츠/레저,[뉴발란스 본사]뉴발란스 이월 모음/남여의류/가방/신발,19000,18050,
도서,(형광펜+손거울증정) 기탄수학/사고력수학/기탄큰수학/기탄국어/한글한글/기탄영어/기탄한자/한글떼기/수셈떼기/ABC떼기,25000,22500,
도서,(유아벽보 증정) 프리미엄 돌잡이수학/영어/ 한글/ 돌잡이 명화.빅키즈 수학세트 세이펜기능 적용 (세이펜 미포함),99000,89100,
남성의류,[30%할인쿠폰]제네브 남녀공용 S~3XL 빅사이즈 면 기모 목폴라 커플 맨투맨 트레이닝 남자 여자 긴팔티셔츠,10000,6900,
남성의류,[지오지아外] 툭 걸치기만해도 멋스러운 겨울 정장자켓/팬츠 모음전,15900,15900,
식품,[필리핀 직수입] 사바나나 바나나칩 1+1+1+1+사은품 차원이 다른 바나나 칩 온가족 간식 맥주 안주 강추,8900,8900,
출산/유아,밀리밤 새봄맞이 BEST 모음전 원피스/상하세트/티셔츠/레깅스/자켓 외,10000,10000,
자동차/취미,로티홈시스 네모 핸드카트 모음,12520,10900,
여행/티켓,[제주] 낙타트래킹+청초밭 (제주도가볼만한곳/제주도관광/제주여행/제주관광지/제주도관광지/제주도입장권/제주관광코스/제주투어/제주자유여행/제주도아이랑/제주이색체험/브이패스),10100,10100,
패션잡화,여성가방/여성크로스백/숄더백/핸드백/미니백/미니크로스백/여자가방/에코백/토드백/신상/가죽/여자/에코백,10000,9900,
패션잡화,100종 발목양말 캐릭터발목양말 남자양말 남성양말 여자양말 여성양말 발목양말 스니커즈양말,1390,1290,
뷰티,[마트데이 10%+20%] 자연이랑 컬러 트리트먼트 60ml 16종&헤어칼라 염색약 10종 中 택1,3900,3900,
뷰티,[쿠폰30%] 조성아 티엠 물분 크림 7X,38000,15000,
가구/홈데코,샤를 60수 오가닉 차렵이불 세트 모음/극세사이불/침구세트/사계절이불,70000,62900,
가구/홈데코,올댓키친 완제품 전국배송 싱크대 상부장 가스대,56500,56500,
디지털,[비스비(VISBYH)] 1+1 갤럭시s20울트라5G 슬림 범퍼케이스 하드투명젤리,17000,13700,
생활주방,[필리가] 불시착 바로 그도마! 호주 캄포나무도마 기획전,73900,53900,
전체,[조선호텔김치] 피코크 조선호텔 김치 골라담기! (포기김치/석박지/총각/열무/맛김치),22800,22800,
전체,[명품데이]샤넬/루이비통/구찌/생로랑 외 인기 아이템 추천 모음전,339000,339000,
스포츠/레저,[안다르/본사] 신상 기모팬츠 에어웜 1&1 / 요가복 기모레깅스 신세경레깅스 구스다운,10000,9900,
스포츠/레저,멜킨 요가매트 NBR TPE 모음전,10700,9420,
도서,T맴버쉽15%할인) 기탄수학/기탄큰수학/기탄사고력수학/기탄한글/기탄국어/기탄영어/기탄한자/기탄한글떼기/기탄수셈떼기/기초한자/ABC떼기/새국어/A/B/C/D/E/F/G/H/I/J/K/L/M/단계 세트,5000,4500,
남성의류,[30%쿠폰][간쓰리] 프리미엄 맨투맨 / 긴팔티 티셔츠 남자맨투맨/남성맨투맨/남자긴팔티/남성긴팔티/맨투맨,23900,23800,
식품,냉동 그릭슈바인 프랑크핫도그 30입 외 (프랑크/치즈/크리스피/감자 택),28500,25650,
식품,[제주농협] 귤로장생 천혜향 4.5kg 소과 #실중량,19900,19900,
출산/유아,[바비키즈] 바비공주님 데일리룩 슈즈.잡화 50%,10000,10000,
출산/유아,[미니로이] 봄신상 여아아동복/원피스/레깅스/티셔츠/아동복,10000,9900,
자동차/취미,누적[판매1위 콘돔][수입국산 정품]유니더스사정지연롱러브/극초박형/남성여성성인용품/러브젤/유니더스,8900,8900,
자동차/취미,[사가미] 정품 사가미 0.02 오리지널 12P 초박형 콘돔/성인용품,24900,24800,
여행/티켓,[제주] 낙타트래킹+산소힐링&인체의신비특별전 (제주도가볼만한곳/제주도관광/제주여행/제주관광지/제주도관광지/제주도입장권/제주관광코스/제주투어/제주자유여행/제주도아이랑/제주이색체험/브이패스),10900,10900,
여행/티켓,[제주] 낙타트래킹+제주아리랑공연+에코랜드 (제주도가볼만한곳/제주도관광/제주여행/제주관광지/제주도관광지/제주도입장권/제주관광코스/제주투어/제주자유여행/제주도아이랑/제주이색체험/브이패스),23700,23700,
패션잡화,[10%+20%중복]봄신상/스카프/헤어핀/ 벙거지모자,4900,4800,
뷰티,에뛰드 뉴이어 톰과제리 컬렉션! 에뛰드데이 한정 20%,11000,8800,
뷰티,[눅스] 윌 프로디쥬스 멀티 리치 오일 100ml 국내 당일 발송!,31600,31500,
가구/홈데코,사계절용 북유럽 쟈가드 러그 카페트 매트 청소기OK 물세탁OK,33900,33900,
디지털,[한정특가] 신지그립 다용도 밴드형 핸드폰 그립 거치대_휴대폰/스마트폰/카드/수납/보관/스마트링,6000,5900,
디지털,5핀 C타입 고속충전케이블 30cm 1m 2m 3m S10 노트10 G8 V50 배그 게이밍,2750,2200,
생활주방,[20%할인+1천원중복할인]스피드랙 2단3단 세탁기선반(사이드안전바),54900,53900,
생활주방,"해피콜 브릴로 세라믹 냄비 18cm,20cm,22cm,24cm 모음전",19900,19900,
전체,20년 신상 크록스/크록밴드/아동부츠/샌들/슬리퍼 모음,15900,15900,
전체,네슬레 퓨어라이프 2Lx24 생수 네슬레생수 먹는샘물,16800,15120,
스포츠/레저,텐제로 홈트레이닝 레깅스/스포츠브라/티셔츠/자켓 균일가,10000,9900,
스포츠/레저,[월간십일절] 코르크 EVA EPP 폼롤러 33cm/60cm/90cm 필라테스기구 스트레칭 하드폼롤러 요가폼롤러,17900,15760,
도서,(사1)(백희나.최숙희.앤서니 브라운 베스트도서) 나는 개다.구름빵.장수탕 선녀님.알사탕.이상한 엄마.돼지책.우리 엄마.괜찮아.엄마가 화났다.열두달 나무아이.나의 프리다,8500,7650,
도서,삼성출판사) 블루버드 세계명작/전래동화 시리즈(40종) 선택구매,4500,4050,
남성의류,[닥스셔츠] 꽃중년 라이프의 완성 체크셔츠/솔리드셔츠/니트,35000,31500,
식품,[대천김] [C154]대천김 재래도시락김(5g)X54봉 세트,18900,18900,
식품,델몬트 과일보감 골드파인스틱 90g*10팩,15500,15500,
출산/유아,봄신상 원피스 레깅스 바지19호/아동복/주니어여아의류/초등여아옷/여아옷/여아의류/주니어옷/주니어의류,10000,9900,
자동차/취미,문구/학용품세트/초등학교입학선물/어린이문구세트/단체선물/유치원졸업선물,21900,21900,
여행/티켓,[제주] 낙타트래킹+제주아리랑공연+선녀와나무꾼 (제주도가볼만한곳/제주도관광/제주여행/제주관광지/제주도관광지/제주도입장권/제주관광코스/제주투어/제주자유여행/제주도아이랑/제주이색체험/브이패스),20400,20400,
여행/티켓,[제주] 낙타트래킹+제주아리랑공연+레일바이크 (제주도가볼만한곳/제주도관광/제주여행/제주관광지/제주도관광지/제주도입장권/제주관광코스/제주투어/제주자유여행/제주도아이랑/제주이색체험/브이패스),22800,22800,
패션잡화,100% 순면 퀄팅 면실내화/거실화/덧신/슬리퍼/양말,980,970,
패션잡화,[11쿠폰] 남성 여성 페이크삭스 덧신 모음,1980,1690,
뷰티,[마트데이 10%+20%] 99.9%세정! 사이오스 무실리콘 샴푸/컨디셔너 750ml + 샴푸230ml 증정 / 2세트무료배송,8700,8700,
가구/홈데코,베네폼 허리소프트 + 3D힙레스트 자세교정세트,69000,69000,
가구/홈데코,[15%+대량구매할인]튼튼한 브로몰딩 접이식테이블/의자/캠핑용/야외용/행사용/실내용 1200/1500/1800,20090,16910,
디지털,[수량할인&사은품증정] 케이엘컴 Type-C USB 3.1 to HDMI V2.0 C타입 케이블 2M 수량할인&사은품증정,12160,10480,
생활주방,[모나리자] 자연이좋은 3겹 30M 30롤 3개 총90롤 천연펄프 화장지 휴지,52400,52400,
전체,멜킨 트램폴린 점핑 운동 다이어트 방방이 유아 성인 트렘폴린,35000,30800,
스포츠/레저,[하프클럽/아디다스]아디다스 오리지널 미드 컷 크루 삭스 3종세트 (DX9091),16660,14100,
스포츠/레저,반석스포츠 AB카버프로 복근운동기구 AB슬라이드 AB휠,12900,12900,
도서,T멤15%+ 네모아저씨의페이퍼블레이드2 /페이퍼윙즈/ 세상에서 제일 쉬운 그림 그리기 외,12800,11520,
도서,T멤15%추가할인) GoGo 카카오프렌즈 1~12 터키/마법천자문 /그리스로마신화/엉덩이탐정 /흔한남매 /전천당/퀴즈과학상식/브리태니커 (선택구매),12000,10800,
남성의류,30%쿠폰!3매/7900원/트렁크/사각/팬티/남자/남성/면/속옷,15000,15000,
남성의류,자체제작 남성정장/남자정장/면접정장/봄정장추가/양복/수트/슈트/캐쥬얼정장,117000,99450,
식품,(주)여주농산 19년산 가을지기 쌀 20kg,49900,48900,
식품,"Dole 돌 100%과즙 프리미엄 주스, VF37 과채주스 120ml*32팩! 파라다이스 주스 어린이쥬스",14000,12900,
출산/유아,스몰란드 마일드 어린이 치약 80g x4개(+ 치약 2개 + 성인 칫솔 1입 증정),9900,9900,
자동차/취미,[특가]에너자이저 맥스건전지/AA건전지/AAA건전지/배터리,14900,13410,
자동차/취미,메가그립 슬림 코팅장갑 10켤레 / 니트릴폼 반코팅 얇고 가벼운 초 여름용 장갑 자전거 등산 레져 3M 장갑,13750,11930,
여행/티켓,[제주] 낙타트래킹+제주아리랑공연+세계자동차박물관 (제주도가볼만한곳/제주도관광/제주여행/제주관광지/제주도관광지/제주도입장권/제주관광코스/제주투어/제주자유여행/제주도아이랑/제주이색체험/브이패스),23900,23900,
여행/티켓,노팁+노쇼핑 사이판 켄싱턴리조트 마나가하섬+스냅촬영 슬림 4/5일,549000,549000,
패션잡화,최대 30% 다운 쥬드 215~260 고객칭잔 가득 수제 로퍼/펌프스/하이힐/플랫슈즈/여성단화/워커,22500,19500,
패션잡화,[20%쿠폰]아이유'S PICK BEST 귀걸이/목걸이/팔찌 한정특가,32000,32000,
뷰티,[세라폼] 세라믹 미들 각질제거기 발각질제거 1+1 무료배송,7570,7570,
가구/홈데코,[11%+11%+추가할인] 홈바테이블 아일랜드식탁 수납홈바 높은테이블 바체어,57100,48450,
가구/홈데코,리브맘 기절 7존 매트리스 침대 접이식 바닥 토퍼 메모리폼 3단 수면매트,36900,31370,
디지털,[비스비(VISBYH)] 1+1 갤럭시노트10플러스 강화유리케이스 하드범퍼슬림,15000,11700,
생활주방,미오바스 욕조 반신 반신욕기 이동식 접이식 욕조,50000,49800,
생활주방,[모나리자] 녹차가좋은 3겹 22M 36롤 3개 총108롤 천연펄프 화장지 휴지,45700,45700,
전체,[우체국쇼핑] 농협 안동 흠집 사과 5kg/10kg #부사 #못난이사과,13770,12400,
전체,"[최종구매가: 1,394,070원] 2019년형 LG 올레드 TV OLED55B9FNA 55인치",1611820,1499000,
스포츠/레저,앤드어스 NBR TPE 요가매트 8mm/10mm/12mm/15mm/20mm 와이드,10000,10000,
스포츠/레저,썬터치 ST-7000 휴대용버너 2중안전 가스버너 캠핑 가스레인지,12800,11800,
도서,T멤15%+무배 기적의계산법 학년별세트(선택) 1.2.3.4.5.6.7.8.9.10.11.12 (개정판),14000,12600,
도서,T맴버쉽) 세마리 토끼잡는 독서논술 초등어휘 A/B/C/D/P 단계 세트 (개정판) 선택구매 세토독 / 세마리토끼잡는독서논술,42000,37800,
남성의류,캘빈클라인 언더웨어 다이하드 언더웨어 코튼 남성팬티 남자팬티 ck팬티 사각 드로즈 세트,6400,6300,
남성의류,L.LAMO 2020 데일리 맨투맨 S~4XL 빅사이즈/남자맨투맨/여자맨투맨/남녀공용,19800,19800,
식품,[10%+15%쿠폰] 하루견과 블루베리 외~30+30봉 골라담기+증정이벤트,25900,25900,
출산/유아,[플로크/바나나제이]봄신상/신학기룩/맨투맨/티셔츠/상하복/원피스,10000,8900,
출산/유아,[단독특가/행복한바오밥] 신제품 보드게임 36종 모음[코잉스/장난감/완구/보드게임],11900,11900,
자동차/취미,[경동원] UHA-742/7인치/아날로그/비디오폰/인터폰,109500,95180,
자동차/취미,코맥스 CAV-70C/아날로그/7인치/비디오폰/인터폰,117000,101790,
여행/티켓,[제주] 낙타트래킹+다이나믹메이즈 (제주도가볼만한곳/제주도관광/제주여행/제주관광지/제주도관광지/제주도입장권/제주관광코스/제주투어/제주자유여행/제주도아이랑/제주이색체험/브이패스),10900,10900,
패션잡화,[OST/LLOYD] 사랑하는 사람에게 전하는 감성 쥬얼리/시계,10000,7900,
패션잡화,[10%+20%+22%] 양말폭탄 성인양말 시즌오프구성+신학기 봄신상 양말/중목/스니커즈/페이크삭스/아동양말,8100,8100,
뷰티,다슈 맨즈 아쿠아 남성화장품 BEST 모음,18000,12900,
가구/홈데코,린백 카페 원목 식탁의자 2종,34900,29900,
가구/홈데코,신발장 30종 신발정리대 오픈신발장 현관신발장 틈새수납장 조립식신발장 신발수납장 슈즈렉,9000,8900,
디지털,1+1+1 VIPFAN 고속충전케이블 C타입 8핀 5핀 동시충전 3in1,6000,4900,
디지털,갤럭시S20 S10 S9 S8 S7 노트10 9 8 플러스 울트라 아이폰11프로 XS 맥스 XR 8 7 핸드폰 휴대폰 투명케이스,8000,7900,
생활주방,이사박스/단프라박스/이삿짐박스/정리함/포장박스,1400,1300,
전체,갤럭시 S20 플러스 5G 256G SKT 단독혜택! 카드+T멤+SK pay 추가적립+경품,1353000,1353000,
스포츠/레저,[몽골루] 원버너히터/히터캡/캡히터/미니스토브/솔캠용난로/캠핑난로/미니난로/미니히터/가스히터,12000,11270,
도서,T맴버십15%+선물) 2020년 1 2학 우공비 초등 전과목 국사과 세트 시리즈/국어/수학/사회/과학/1 2 3 4 5 6,42500,38250,
남성의류,[크루클린]2020 봄신상 집업 출시! 맨투맨 후드티 후드집업 점퍼 양털 커플 오버핏 무지 남성 여성 긴팔티,15800,13800,
남성의류,[단군] 남자 코트/남성코트/롱후리스/아우터/패딩,24900,19900,
식품,라이킷 도시락 5종 10팩,35900,35900,
식품,"[10%+15%] 14,900원 루카스나인 라떼 30T+30T 내맘대로 골라 2종 선택 +프렌치카페10T",19460,17520,
출산/유아,"[인디고키즈]신학기 티셔츠/바지/점퍼 5,000원~",10000,10000,
출산/유아,[26일 마트데이 5%+20%]리베로기저귀 밴드형/팬티형 3팩,64300,64300,
자동차/취미,[빠른배송] 게이트맨 디지털 도어락 WV-201/카드키4개,130000,113100,
자동차/취미,현대 스위블 옆으로 USB 멀티탭 2구 3구 4구 5구 6구,18960,16500,
여행/티켓,[제주] 낙타트래킹+레일바이크 (제주도가볼만한곳/제주도관광/제주여행/제주관광지/제주도관광지/제주도입장권/제주관광코스/제주투어/제주자유여행/제주도아이랑/제주이색체험/브이패스),10900,10900,
여행/티켓,[제주] 낙타트래킹+고흐의정원 (제주도가볼만한곳/제주도관광/제주여행/제주관광지/제주도관광지/제주도입장권/제주관광코스/제주투어/제주자유여행/제주도아이랑/제주이색체험/브이패스),10100,10100,
패션잡화,"[영국 현지 아울렛 직구] 버버리, 구찌 외 인기 스카프 모음",174000,174000,
뷰티,[쿠폰10%+중복20%] 레브론 파운데이션/립스틱/HD매트립/컨실러 외 BEST ~93%,10000,7500,
뷰티,[Dionel] 디오넬 시크릿러브 여성청결제 향수,14900,12600,
가구/홈데코,리버시블 어린이집 낮잠이불세트/토퍼 모음,24000,24000,
가구/홈데코,[베네폼] C-서포트 1개 비스코폼 경추베개/일자목베개,39000,39000,
디지털,뮤즈캔 갤럭시S20/S20플러스/S20울트라 케이스 모음,10000,8900,
생활주방,[세트] 테팔 후라이팬 2종3종세트(택1),42800,42800,
생활주방,[리벤스] 미끄럼방지 논슬립 옷걸이 50P/바지걸이/아기옷걸이/치마걸이/정장걸이,10900,10900,
전체,다우니 겨울 한정판 출시! 엑스퍼트/ 퍼퓸 초고농축 섬유유연제 1LX6,29900,25900,
스포츠/레저,콜핑 패밀리룩 봄 선오픈 티셔츠/팬츠/바람막이자켓 外 총집합,11900,11900,
도서,T맴버쉽15%+선물) 2020년 1 2학기 우등생 해법 시리즈 - 국어 수학 과학 사회 영어 예체능 초등문제집 1 2 3 4 5 6 학년,13000,11700,
도서,T맴버십15%+선물) 2020년 1 2 학 우등생 해법 시리즈 세트/우등생세트/학습지/문제집/1 2 3 4 5 6 학년,40000,36000,
남성의류,[30%쿠폰][단군] 남자 슬랙스/남자바지/봄바지/남성바지/밴딩바지,22000,19900,
식품,순수식품 100포 석류즙/유기농양배추즙/도라지배즙 외 석류 콜라겐젤리 신제품 출시,32900,32900,
식품,[네스카페] 수프리모 커피믹스 360T + 아토 스프레이,32110,28900,
출산/유아,[에스핏] 키즈&주니어 봄맞이 특별전_SF99C034,12900,12900,
출산/유아,[젤리스푼] 봄오픈+신학기+등원룩/상하복/원피스/맨투맨/레깅스,10500,8900,
자동차/취미,"툴앤툴 18V 전문가용 리튬이온 전동 드릴 TNT-MAX18 LI 4,000mAh",132000,119000,
자동차/취미,[한정] 오그랩 자동 무선충전 차량용 핸드폰 거치대_휴대폰/스마트폰/송풍구/대시보드/자동차,30000,29900,
여행/티켓,[제주] 낙타트래킹+에코랜드 (제주도가볼만한곳/제주도관광/제주여행/제주관광지/제주도관광지/제주도입장권/제주관광코스/제주투어/제주자유여행/제주도아이랑/제주이색체험/브이패스),11900,11900,
여행/티켓,[제주] 낙타트래킹+일출랜드 (제주도가볼만한곳/제주도관광/제주여행/제주관광지/제주도관광지/제주도입장권/제주관광코스/제주투어/제주자유여행/제주도아이랑/제주이색체험/브이패스),10100,10100,
패션잡화,더다름 드롭귀걸이/링/실버/코인목걸이/은팔찌,6900,6900,
패션잡화,특허 블루라이트 차단 동글이 안경 (사이즈 3종 100%국내제작),25900,24900,
뷰티,[모모코스] 국내생산 입소문 속눈썹영양제 1세트,29800,26820,
뷰티,헤드스파7 파란눈 트리트먼트 블랙 헤어팩 200ml 2개,22900,22700,
가구/홈데코,홈앤미 원목 패브릭 협탁 TV선반 서랍장 수납장 모음전,33800,33800,
가구/홈데코,[엘린까사]벤치형 신발정리대 수납선반 다용도 철제 선반 현관 신발장 정리대 원목 화분 진열대,25600,21760,
디지털,아이폰11프로 XS 맥스 MAX XR 7 갤럭시S20 S10 S9 울트라 플러스 노트10 9 8_핸드폰/휴대폰 투명 케이스,8000,7900,
디지털,[닐킨] 매직디스크4 MC017 고속무선충전기 충전패드 LED무드등,14900,9900,
디지털,[비스비(VISBYH)] 1+1 아이폰11 강화유리필름 3D풀커버 액정보호 방탄,13000,9700,
생활주방,해피콜 20주년 특별기획 베로체 바닥3중 IH 스테인리스 스티머 파티웍 찜기 28cm,44900,44900,
생활주방,비타그램 바디쉐이커 복부마사지기 무선,59000,39900,
생활주방,[20% 중복할인]스피드랙   3/4/5단 무볼트 조립식 앵글 수납 선반 베란다 철제 장식장,40400,35900,
전체,진짜! 애슐리 치킨 세트 4종 택3개,23900,21510,
전체,갤럭시S20울트라/플러스/노트10/노트9/노트8/S10/아이폰11/프로/맥스/8/7 케이스&보호필름 특별 모음전,19900,10900,
전체,[20%+10%쿠폰+사은품]스위퍼 더스터 먼지떨이 핸들/리필+테이프 클리너+더스터 샘플,11900,11900,
스포츠/레저,[웨스트우드] 사계절 기본티셔츠/팬츠 이너전,10000,10000,
스포츠/레저,[카파키즈] 신학기 아동슈즈/슬립온/벨크로운동화 전상품,10000,9600,
스포츠/레저,ATA 백화점 정품 남녀 자켓/밴딩바지/레깅스/티셔츠 한정수량 찬스,9000,8900,
도서,(미니 나노블럭+형광펜)(미래엔아이세움) 추리 천재 엉덩이 탐정 1~7권/8권/9권/카레사건 세트,84000,75600,
도서,T맴버쉽15%+선물) 2020년 1 2학기 개념클릭 해법수학 - 1-1 2-1 3-1 4-1 5-1 6-1 학년 초등문제집 수학문제집,12500,11250,
도서,T맴버쉽15%+사은품) 2020년 1학기 백점맞는 전과목 국사과 시리즈 세트 1학년 2학년 3학년 4학년 5학년 6학년 초등문제집,41000,36900,
남성의류,[30%쿠폰][간쓰리]2020신상출시! 반팔티 ~XXL/ 남녀공용 티셔츠 남자 여자 커플티 남성 브이넥 라운드티 면,10800,9800,
남성의류,[30%쿠폰]신상 셔츠 남자청바지 스판청바지 밴딩 일자 빅사이즈,10000,9900,
남성의류,[엠포르스] 남자맨투맨 긴팔티셔츠 후드티 경량패딩 니트 조끼 가디건 폴라티 스웨터 패딩점퍼,12900,12800,
식품,마이시크릿 딜라이트 아이스크림 파인트 3개 모음,24900,22900,
식품,썬키스트 블랙라벨 고당도 오렌지 30과 껍질이 얇고 과즙이 풍부,17900,15800,
식품,"[GNC] [마트데이/10+15%] 맨/우먼 원데일리 멀티비타민 60일분 15,000원 외 택1",19600,19600,
출산/유아,[10%][크록스키즈] 아동 맨투맨/팬츠/트레이닝 놀라운가격,10000,9900,
출산/유아,[미니케이]20%쿠폰 국산/봄신상/무형광/내의/쟈가드/유아/아동/주니어/실내복/잠옷/,7900,7900,
출산/유아,[토리밤] 국산무형광 히트업 기모 유아/아동/주니어/내의/내복,8900,7900,
자동차/취미,[스위스밀리터리] [이노툴즈]다용도 공구걸이 자석바 (18인치)/(24인치),7800,3900,
자동차/취미,지니펫연어/오리/양고기5.2kg애견사료/강아지사료/,69000,55000,
자동차/취미,제이코 차량용 스마트 공기청정기 오토 3단계 모드 헤파13등급 필터,64900,57900,
여행/티켓,[제주] 낙타트래킹+선녀와나무꾼 (제주도가볼만한곳/제주도관광/제주여행/제주관광지/제주도관광지/제주도입장권/제주관광코스/제주투어/제주자유여행/제주도아이랑/제주이색체험/브이패스),10100,10100,
여행/티켓,[제주] 낙타트래킹+산굼부리 (제주도가볼만한곳/제주도관광/제주여행/제주관광지/제주도관광지/제주도입장권/제주관광코스/제주투어/제주자유여행/제주도아이랑/제주이색체험/브이패스),10100,10100,
여행/티켓,[제주] 낙타트래킹+김녕미로공원 (제주도가볼만한곳/제주도관광/제주여행/제주관광지/제주도관광지/제주도입장권/제주관광코스/제주투어/제주자유여행/제주도아이랑/제주이색체험/브이패스),10100,10100,
패션잡화,[예약 / 2월 28일 ] 화이트샌즈 긴급 바이러스 예방 C-19 디버킷,39000,33000,
패션잡화,[필그림]봄맞이 주얼리&시계 100종 10%+20% 혜택  / 백화점AS가능 / 보증서有,13300,13300,
패션잡화,[7%+7%] 오프화이트 골든구스 외 스니커즈 모음전,285000,285000,
뷰티,남/여 인기 향수 모음전(랑방/제이로/페라리 등),21500,21500,
뷰티,[라운드랩 공식몰] 화해 뷰티 어워드 3년연속 1위 독도 토너 외 BEST 최대 50%,18900,18900,
뷰티,화해1위! 린제이 대용량 프리미엄 모델링팩 (대용량 마스크팩 23종),11900,11900,
가구/홈데코,이룸앤 국산 새솜 숙면 베개솜 2장 경추베개 4060 5070 솜베개,5000,4500,
가구/홈데코,[20%추가]아라크네 버티컬블라인드 1위 버티칼 커튼,6900,6600,
디지털,LG_LGV50/V30/V20/G8/G7/G6/G5 신지모루 에어클로 핸드폰 휴대폰 스마트폰 젤리 투명 범퍼 하드 케이스,8000,7900,
디지털,[비스비(VISBYH)] 1+1 아이폰11 카메라보호필름 강화유리 풀커버 티타늄,12000,8700,
디지털,[비스비(VISBYH)] 1+1 아이폰11프로 강화유리필름 풀커버 액정보호 방탄,13000,9700,
생활주방,[10%+20%]*100%천연펄프! 그루 무표백 화장지 30롤x2팩(60롤)/휴지/두루마리,30900,30900,
생활주방,신상품! 다우니 엑스퍼트 실내건조 초고농축 섬유유연제 1.6Lx2개,18500,14500,
생활주방,[10%쿠폰할인]어린이집 수건/네임자수/고리타올/유치원 핸드타올/생일선물/입학선물/준비물/입학,3600,3100,
전체,15%추가쿠폰! [그린키즈] 홈스쿨링 워크북/놀이북세트 특가!,6900,6900,
전체,[홈쇼핑방송상품 르오트/쉬즈미스/리스트/모리모리스] 봄내음가득 25% 깜짝 브랜드 쿠폰!! +무료배송,10000,8800,
스포츠/레저,[실내운동 하루 30분] 국산 훌라후프(초급/중급/상급),9900,8720,
스포츠/레저,100% 라텍스밴드 2M 8단계 강사용재질 요가 필라테스 운동 튜빙 헬스 스트레칭 근력 탄력 루프 고무밴드,1970,1740,
스포츠/레저,테슬라 여성 요가복 필라테스복 헬스복 트레이닝복 운동복 레깅스 쫄바지 요가바지 팬츠 빅사이즈 티셔츠,5000,5000,
도서,T맴버쉽15%+선물) 19~2020년 1 2학기 해결의 법칙 셀파 기초 일등 시리즈/수학/개념/유형/응용/문제집/ 1 2 3 4 5 6학년 초등문제집,12500,11250,
도서,T맴버쉽15%+선물) 2020년 1 2학기 비상 완자 초등 시리즈 - 한끝 / 오투 / 개념 플러스 유형 / 1 2 3 4 5 6 학년,13000,11700,
남성의류,[캘빈클라인 본사정품] BEST 남성 드로즈/언더웨어 모음,18900,18900,
식품,[아임웰]든든한 빅볼라이스 도시락 6종 혼합 12팩,61800,61800,
출산/유아,[워너비20%쿠폰]팸퍼스 프리미엄 크루저 기저귀 3단계 1박스,50900,45900,
출산/유아,[헌트키즈] 두근두근 봄맞이 신학기 패션 기획전 최대 70%,10000,10000,
자동차/취미," [국산사료1위]도비애견사료모음전/도비어덜트,스페셜",13900,10900,
자동차/취미,로티홈시스 계단 사다리 철재 가정용 공업용 알루미늄,23900,19900,
자동차/취미,[휠라] 휠라안전화모음/작업화/다이얼락/벨크로/,63000,53720,
여행/티켓,[제주] 낙타트래킹+메이즈랜드 (제주도가볼만한곳/제주도관광/제주여행/제주관광지/제주도관광지/제주도입장권/제주관광코스/제주투어/제주자유여행/제주도아이랑/제주이색체험/브이패스),10100,10100,
여행/티켓,괌 초특급 힐튼VS고품격 하얏트 4/5일,449000,449000,
패션잡화,토리버치 여성 명품 손목시계 가죽밴드 팔찌밴드 9종,249000,249000,
패션잡화,[금강제화] 봄신상 남녀 로퍼/정장화/스니커즈 100종,34500,34500,
뷰티,셀퓨전씨 레이저 썬스크린 / 시그니처 레이저크림 / 토닝 썬스크린 外,12000,12000,
뷰티,환절기 민감한 피부 보습템 모음전 수분크림+립밤+클렌징,8900,8900,
가구/홈데코,듀플렉스 LED스탠드 인기 모음전 학습용/무선/유선/독서등/조명/충전식,19900,15900,
가구/홈데코,이룸앤 베이직 양면 베개커버 2장 솜베개커버 4060 5070 배게,5000,4500,
디지털,삼성 갤럭시s20플러스 강화유리 포밍 우레탄 방탄 액정보호필름,12900,9900,
디지털,2코일 고속 무선충전기 거치대 / 최대 10W 출력 / C타입 케이블 / 갤럭시S10 5G 플러스 노트10 9 S9 핸드폰,10000,9900,
디지털,샌디스크 마이크로SD카드 16G 32G 64G 128G 256G 카메라 액션캠 블랙박스 네비 외장 메모리 MLC,10000,4300,
생활주방,벨라쿠진 후라이팬/냄비정리대/스테인리스 음식물 쓰레기통/잼팟 모음전,14300,14300,
생활주방,[20%+10%쿠폰+사은품]스위퍼 밀대걸레/청소포+락앤락 밥 용기x2개+테이프 클리너+더스터 샘플,15200,15200,
생활주방,살균 99.9% 미산성 차아염소산수 뿌리는 파워업 1000 싹수 손소독제 손세정제 500ml 1개,15900,15900,
전체,[CJ제일제당] 비비고 떡갈비/바싹불고기/너겟/완자 2+1 총3개 골라담기,18500,18500,
전체,[화과방] 우유앙빵(35gx30개입) 유기농 목장우유로 만든 향긋한 앙금 가득!,12900,12900,
전체,[웨스트우드] S/S 베스트상품 특가전,10000,10000,
스포츠/레저,[세계최초-4종사이즈]하나로 칼라별 4가지사이즈 40mm/43mm/45mm/50mm 던지는 골프티-2개세트,6900,6560,
스포츠/레저,니브 남자 여자 두꺼운 스포츠 중목 등산양말,1290,1260,
스포츠/레저,아디다스 아동 성인 운동화 가격을 뒤집어 놓으셨다,32900,32900,
도서,T맴버쉽15%+선물) 20년 1 2학기 큐브수학 S 스타트 스텐다드 스트롱 개념 실력 심화 1학년 2학년 3학년 4학년 5학년 6학년,13500,12150,
도서,한국의 자연시리즈 - 약초 버섯 산나물 산야초등 도감류 모음전,20000,18000,
도서,(T멤버십15%)(사1) (위즈덤하우스) 놓지 마 과학 1~9권/10권/12권 세트  /놓지마 정신줄 학습만화,88200,79380,
남성의류,"타미힐피거 외 인기 티셔츠,모자 연합전",32000,32000,
남성의류,30%쿠폰!호주에서온 크루타 드로즈/트렁크 여자 심리스팬티,12800,8800,
남성의류,[30%]봄신상 중독있는 마약팬츠! 남자 슬랙스/청바지/밴딩바지/빅사이즈/기모/본딩/S~4X,10900,8900,
식품,무료배송 500g x 2 총1kg/신선한 원두커피 / 사은품증정,11400,8400,
식품,프로폴리스 12개월분 뉴질랜드산 PROPOLIS 추출물 캡슐 포리스 영양제,59900,59800,
식품,[CJ제일제당] 비비고 사골곰탕/갈비탕/차돌된장찌개 외 골라담기,18400,18400,
출산/유아,[26일 10%+20%] 국내생산 유기농 오닉피노 생리대/ 팬티라이너 모음전,11500,11500,
출산/유아,남양 임페리얼XO /  아이엠마더 800g 3캔,49800,44800,
출산/유아,[의약외품] 아토앤오투 올바른 손소독제 100ml_자몽향 손소독젤,6600,6600,
자동차/취미,[k2]안전화/케이투안전화/무료배송/작업화/초경량,59900,51600,
자동차/취미,[빠른배송] 에버넷 디지털 도어락 KM100-N / 비밀번호 전용,39000,33930,
자동차/취미,[좋은포장mall] 택배봉투/에어캡봉투/안전봉투/박스테이프/취급주의/비닐봉투,35000,31500,
여행/티켓,[제주] 선녀와나무꾼 (제주도가볼만한곳/제주도관광/제주여행/제주관광지/제주도관광지/제주도입장권/제주관광코스/제주투어/제주자유여행/제주도아이랑/제주이색체험/브이패스),8000,8000,
패션잡화,[맥끌라니] 인기가방 베스트 핫아이템 80종,31900,31900,
패션잡화,[22%쿠폰+T22%]슈나이더 BEST 용품&의류/등산모자 캡 봄 바람막이 후리스자켓 경량패딩 가방 스포츠양말,10000,2900,
뷰티,코리아나 앰플엔 환절기 탄력 보습 앰플 기초 모음전,17900,17900,
뷰티,[뷰티쿠폰10%+중복20%]유니클럽 아이브로우 붓펜 펜슬 아이라이너 마스카라,5900,5900,
가구/홈데코,쉬즈홈 국내산 유아 낮잠이불/어린이집/차렵이불/토퍼,10000,9900,
가구/홈데코,르헤브 편백베개/메밀베개/목베개/유아 베개/경추,10000,9900,
가구/홈데코,푸르내음 천연 디퓨저 150ml 대용량 실내방향제 선물세트,15900,15900,
디지털,풀커버 강화유리 지문인식 갤럭시S10 5G 플러스 S9  S8 S7 엣지 노트10 9 8 5 아이폰7 8 X 6 액정보호필름,5000,4900,
디지털,노트10 9 8 5 갤럭시S10 S9 S8 A10/20/30/40/90/50 A9 A5 A7 3 J4 J6 J5 J7 G8 G7 X6 X5 X4 V50 V40 아이폰,10000,5800,
생활주방,이동식빨래바구니 수납형 더블와이드 3단A or B,34900,32900,
생활주방,송월타월 30수 40수 뱀부얀 호텔수건set,30000,30000,
생활주방,원더핸드 후레쉬겔 손소독제 500ml 1개,9490,8070,
전체,[10%+20%]*1980M대용량! 리빙 라벤더향 롱~화장지 33M 3겹 30롤x2팩 /휴지/두루마리휴지,20900,20900,
전체,[LG전자] [최종혜택29만]G패드5 10.1 LMT605 WiFi 32G WiFi전용,346310,329000,
스포츠/레저,*22%할인*[노스페이스] 여름 미리만나보기! 2020 남녀 여름 상품 모음전!,39000,39000,
스포츠/레저,이고진 스텝퍼모음 7320 7120 9120 6120min 운동기구 헬스기구,34000,29920,
도서,메시지성경 모음 (영한대역 가죽 큰글자 파스텔에디션 메세지성경책 S),39000,35100,
도서,"1cm 다이빙 /현실에서 딱 1cm 벗어나는 행복을 찾아, 일센치 다이빙",13500,12150,
남성의류,"어반디타입 인기 반팔 균일가 9,000원! 후드/맨투맨/팬츠/플리스자켓/가디건/니트",59000,9000,
남성의류,[무료배송][그랜피니]여름신상/남녀공용/반팔/반바지/아이스티셔츠/워터레깅스/기능성/,13000,9900,
식품,[아임웰] 닭가슴살 곤약볶음밥 200g 8종 18팩,46200,46200,
식품,생산자 추봉하 해남 꿀고구마 3kg 대크기,7900,7900,
출산/유아,[싸다아이숲겨울] 겨울내의/발열내의/후라이스/20수/내복/내의/유아/아동복/유아복/유아내의/실내복,5900,5900,
출산/유아,루솔 프리미엄 이유식 반찬 15+2팩,63000,39900,
출산/유아,[26일 마트데이 5%+20%][하기스] 굿나이트 중형/대형+2팩/(남/여) 어린이기저귀,39900,39900,
자동차/취미,[신학기!15%쿠폰!]리센트토이 IQ EQ 상승에 좋은 브레인티저스 큐브 27종 중 택1,13000,11700,
자동차/취미,[신학기!15%쿠폰!]전제품 기본 40% ! 재밌는 도미노 모음전 !,8900,8460,
패션잡화,다이에나롤랑 소가죽 자동버클 남자 벨트,33900,23900,
패션잡화,[11쿠폰] 남성 여성 학생양말 무지양말 발목양말 모음,3600,3060,
뷰티,(휴대용/여행용) 포블랑시 여성청결제 30ml+30ml,17000,17000,
뷰티,[24일~1일 30%] 라네이처 여성청결제 페미닌 워시 폼 200ml + 라네이처 중형 생리대 2매 + 린넨 에코백,21300,21300,
가구/홈데코,[10%+10%쿠폰][웰러그] BEST 러그/카페트 5종,14700,14700,
가구/홈데코,"호텔인테리어 콤비블라인드 국내최저 24컬러, 딱 ~맞춤사이즈 주문제작",100,10,
디지털,C타입고속케이블 충전기 핸드폰 고속 충전 케이블 5핀케이블 C타입 USB 마이크로 퀄컴퀵차지3.0 CTYPE 휴대,1490,1490,
디지털,[호후] E3 홍미노트7 액정보호 강화유리 필름 2매,2900,2900,
디지털,렉사 USB/메모리카드 OTG 16GB 32GB 64GB 128GB 256GB 공식수입원,10900,3900,
생활주방,코디 마일드스킨 100% 천연펄프 30롤X2팩 화장지,29900,29900,
스포츠/레저,[살레와] FW 시즌오프 & SS 미리보기 모음,29900,29900,
스포츠/레저,아디다스/나이키 스포츠의류/반팔/레깅스,27900,27900,
스포츠/레저,[아디다스 정품] 봄신상 트레이닝팬츠 레깅스 상하의세트 자켓 신학기 백팩 인기의류 딜,16100,16100,
도서,"창비 국어 교과서 작품읽기 중1,중2,중3,고등 소설,시,수필,세트",12000,10800,
도서,어린이성경책 컬러 일러스트 어린이성경 주일학교 예배용,15000,13500,
남성의류,슈프림 맨투맨 후드티 티셔츠 후드집업 오버핏 루즈핏 빅사이즈 남자 여자 트레이닝 후드,10000,9900,
남성의류,기어엑스 자동분리팬티-기능성 남자 속옷 드로즈 CK,10900,10900,
남성의류,TRY/제임스딘/좋은사람들 남성트렁크/드로즈 인기상품! 남성런닝/여성팬티/남성삼각팬티,3500,3500,
식품,[우체국쇼핑] 깨비농원 제주 한라봉 2kg(2개구매시 4.5kg 발송) #천혜향,10880,9800,
식품,[남도먹거리] 스테비아 대추 방울 토마토(단마토) 500g+500g #3월2일순차발송 #국내산 #단마토,22900,21800,
식품,"[10%+15%]프레시지 고추장돼지불고기 300g 1+1 7,900원 외 육류 11종",10320,10320,
출산/유아,[26일 마트데이 5%+20%]케이맘 처음 팬티/밴드 기저귀 2팩 특별가,15500,15500,
출산/유아,[26일 10%+20%] 스웨덴 친환경 네띠 생리대 2팩 / 3팩 / 5팩 모음전,15900,15900,
출산/유아,[20%할인] [국내생산] 마미포코 피부온기케어 팬티 기저귀 2팩,30900,30900,
자동차/취미,"[2월 배변 10%쿠폰]패드야 부탁해 초대형(XL),대형(L),중형(M)X3개묶음 모음전",32400,32400,
자동차/취미,신흥 OPP박스테이프 투명 황색 칼라 40m/50m/80m,11900,8930,
패션잡화,[핏플랍] 남성/여성/발레리나/스니커즈/로퍼/뮬/블로퍼/플랫/크리시펠트/우버니트/아트니트/슈브펠트,59900,59900,
패션잡화,[라코스테]신상 토트백/쇼퍼백/크로스백/지갑/숄더백 가방 모음,75000,75000,
패션잡화,이태리 통가죽 벨트/골프벨트/남성 여성 남자 허리띠,9900,9900,
뷰티,~69% 미바 화제의SNS대란 왕쿠션/비비/파데 BEST,25900,25900,
뷰티,핑크박스 더쁘띠스톤 스와로브스키 정품 귀지압 스톤패치 귀침 BEST 투톤컬러 15종,12500,12500,
뷰티,[10%+20%] 에너지24맨즈 올인원 런칭~68%+스타벅스쿠폰,20000,10000,
가구/홈데코,"최고급 콤비블라인드 우드룩 20컬러, 딱 ~맞춤사이즈 주문제작",100,10,
가구/홈데코,"최고급 콤비블라인드 수퍼우드룩 12컬러, 딱 ~맞춤사이즈 주문제작",100,10,
디지털,베일스마트 에어쿠션 투명 젤리 범퍼 케이스 아이폰 11 프로 맥스 XS XR X XS 9 8 7 플러스,3400,3300,
디지털,호후 핸드폰 그립톡 스마트링 스마트톡 핸드폰링 스마트폰 휴대폰 거치대 마그네틱 자석 차량용 링홀더,3900,3900,
생활주방,리빙채널앤 신학기 어린이 학생 보냉 분유 보온병 행사,9900,9900,
생활주방,포트메리온 엑소틱 보타닉가든 악센트볼 5P세트,41900,29900,
생활주방,당일출고 게르마늄+황토 전기찜질기 최저가행사중,28900,28890,
스포츠/레저,[제이디스포츠] 아디다스/리복 운동화&런닝화&스니커즈 모음전,16000,16000,
도서,(선물제공)2020년1학기  신사고 우공비국사과/ 전과목세트/국사과+쎈수학,42500,38250,
도서,보리 국어사전 /남녘과 북녘 초중등 학생들이 함께 보는 (양장/개정판),70000,63000,
도서,영어는 3단어로 : 100문장으로 끝내기,15000,13500,
남성의류,[아디다스] NEW 남성 클라이마쿨 드로즈 5종 세트 A,48000,48000,
남성의류,[바쏘] 백화점 프리미엄 퀄리티 FW 인기 BEST ITEM 클리어런스,18000,18000,
남성의류,2020신상출시 남여 부들부들 맨투맨/후드티/집업 7컬러 ~2XL 봄준비 서두르세요!,6900,6900,
식품,[더주] 리얼 오~찡어/오~다리/단짠단짠 오징어/바베큐 오징어/맵찡/달찡150g×2팩,16900,16900,
식품,(자연마을_호태아빠) 유기농 쌈채소 상추 모듬쌈 산지출발,12900,10900,
식품,[기장물산] 비빔밥용 해초샐러드 10g*5봉 / 소스동봉,17500,17500,
출산/유아,[내아이애]유기농 아이과자 떡뻥/쌀과자 (10+2)(아기부터 어른까지!!),1500,1500,
출산/유아,갭 폴로 엘르 유아동 우주복/후드집업/티셔츠/레깅스/치마레깅스 모음전,10000,9900,
패션잡화,[Watch Station] 백화점 공식 AS 남/녀시계 본사 직영,79000,79000,
뷰티,[수피요] 스킨케어 도구 모음전! 화장솜/건패드/거품용기/미스트,2000,1100,
뷰티,그라펜 엣지핑거 두피마사지브러쉬 화이트 2개,16900,13520,
뷰티,전 구매 필링젤 증정/ 참존 레드/마유/콘트롤크림 외 인기제품 빅세일,10000,9900,
가구/홈데코,"최고급 깜깜 암막 블라인드 블랙아웃90% 7컬러, 딱 ~맞춤사이즈 주문제작",100,10,
가구/홈데코,"최고급 깜깜 암막 블라인드 루스 11컬러, 딱 ~맞춤사이즈 주문제작",100,10,
가구/홈데코,[에뻬] 극세사 지브라 러그 카페트 100X150,39900,8380,
디지털,[호후] c타입 케이블 길이별 고속 충전 케이블 핸드폰 스마트폰 usb 충전기 급속 호후,1490,1490,
디지털,마이크로소프트 무선 모바일 마우스 1850 정품,10900,10900,
디지털,[보스] BOSE QC35 II 2세대 정품/ 노이즈캔슬링의 최고봉 /블랙 관부가세 포함,315000,238260,
생활주방,해피콜 NEO세라믹 냄비 3종,28900,28900,
생활주방,[긴급재고확보] 100ml x 2병 클린투클린 휴대용 손소독제 에탄올62% 겔타입,8890,6500,
도서,아홉 살 성교육 사전 세트 /초등 남자아이가 꼭 알아야 할 성교육 이야기,24000,21600,
도서,한영성경책 NIV영어성경책 ESV영어성경 스터디성경,38000,34200,
도서,(전과목 국사과구매시수행평가가이드 ) 2020년1학기우등생해법전과목세트/우등생국사과세트/우등생전과,42000,37800,
남성의류,[25%쿠폰][럭키박스] 셀럽착용! 오앤에이 후드/맨투맨/팬츠 특가!,32000,6900,
남성의류,[르젠]봄신상 남성 맨투맨티셔츠 모음전 오버핏/레귤러핏/쭈리맨투맨/프린팅/자수/긴팔티,10000,7900,
남성의류,[30%쿠폰] 남성 팬츠~5XL 슬랙스/청바지/면바지/와이드팬츠/밴딩바지/빅사이즈/기모,15000,11900,
식품,[CJ제일제당] BYO 식물성 피부생유산균 2.5gX30포 3개/5개 선택구매,39900,39900,
식품,[본사공식몰] 드시모네 생유산균 성인 어린이 유소아 / 냉장 / 프로바이오틱스,38000,38000,
출산/유아,[체리블랑]봄신상/~160호/여아/주니어/아동복/원피스/레깅스/쥬니어/어린이,11000,9900,
출산/유아,2080 키즈오 어린이 치약 100g x10개(그린애플/라즈베리),9900,9900,
출산/유아,[26일 마트데이 5%+20%]친자연주의 베베몬 밴드/팬티기저귀 모음 밤기저귀,31900,28900,
뷰티,아벤느 선물세트 및 보습아이템 모음전!,14500,14500,
뷰티,[마트데이 10%+20%] 사이오스 컬러글로스/베이스/올레오 컬러&새치 염색제 2/3구성_샴푸 230ml(랜덤) 증정,12900,12900,
가구/홈데코,"명화와 향기의 만남, 디스이즈 디퓨저",36000,10900,
가구/홈데코,[허브타임] 방향제 체리블라썸 벚꽃 디퓨저세트 본품+리필 200ml,43000,17500,
가구/홈데코,SA LE! 60M 20M 접착식 단열벽지 폼블럭 곰팡이방지 시트지 10m,54200,23320,
남성의류,[간쓰리] 11번가단독40종 신상 반팔티 ~XXL/ 남녀공용 티셔츠 남자 여자 커플티 남성 티 브이넥 라운드티,10800,9800,
남성의류,369 M~5XL 빅사이즈 후드티 맨투맨 커플티 패밀리룩 티셔츠 기모면 남자 남성 여자 여성,16900,15900,
남성의류,특가!목폴라/목티/면스판/만자/기모/목폴라/폴라티/맨투맨,7000,6900,
식품,[자연지애] 맥시멈 크릴오일 1000mg x 30캡슐 2개 / 2개월분 (인지질 58%),39900,39510,
식품,[제주농협] 제주 한라봉/천혜향 1.5kg(2개 구매시 4.5kg 발송)#2+1,8900,8900,
식품,[쟈뎅 아워티] 비타민 듬뿍! 과일차 아이스티 레몬/자몽오렌지/히비스커스 모음,11630,11630,
출산/유아,쏘피 한결 중형 16Px5팩/오버나이트/팬티라이너/생리대/바디피트/슈퍼롱/귀애랑,13500,13500,
출산/유아,좋은느낌 화이트 예지미인 생리대 모음/소형/중형/대형/오버나이트/팬티라이너/수퍼롱,13500,13500,
출산/유아,화이트 좋은느낌 예지미인 생리대 모음/소형/중형/대형/팬티라이너/오버나이트/수퍼롱/탐폰,12900,12900,
가구/홈데코,플렌느 방향제 크리스탈 소이캔들 1개 + 베이직 소이캔들 2개 향 선택,31500,13900,
남성의류,[VENTIV]남성 M~4XL 트레이닝팬츠 반바지 긴바지 조거 슬랙스 코튼 밴딩 빅,10900,10800,
남성의류,델레바인/M~4XL/맨투맨/후드티/후드집업/빅사이즈/티셔츠/기모/긴팔티/무지/남자/여자/오버핏,20000,19900,
남성의류,[BYC 外]온가족 언더웨어 민소매/반팔/순면/메쉬 多,2900,2900,
식품,[10%+중복20%] 천호 요즘 필요한 간편한 건강 청스틱! 4종 모음 배도라지청/흑마늘청/홍삼청/석류스틱,11900,10710,
식품,Dole 돌 간편 컵과일 후룻볼 12개! 간편과일간식 디저트,14500,14500,
남성의류,[라쉬반][10%+20%쿠폰]놀라운 착용감! 남성 기능성 드로즈 라쉬반 모음전,16500,16500,
