title,company,location,info_link
Health Technician (Wellness),*회사없음*,대한민국,/rc/clk?jk=2eda7dc3447d71f6&fccid=c3b8389ba1f05d96&vjs=3
데이터 분석가,*회사없음*,성남 판교역,/rc/clk?jk=092d062a6faa7139&fccid=32b9af632cf3b9f9&vjs=3
2020년 상반기 수시,나이스평가정보,서울,/rc/clk?jk=d55b3f644860d97c&fccid=1eee1d17fecc4bbe&vjs=3
책 끝을 접다 디지털 마케터,리디,서울특별시,/rc/clk?jk=befe639df89e136d&fccid=ba4215b904dee414&vjs=3
2020년 일반직 채용,남양넥스모,안산 목내동,/rc/clk?jk=20165bf69d059a9f&fccid=7377027637afb402&vjs=3
성남사업단 분당TC 에서 서포터즈(여자분만),DB손해보험분당점,성남 분당구,/rc/clk?jk=24c70d0f66742b97&fccid=238d81d882bf1ff0&vjs=3
2020년 제1차 정규직 직원,연구개발특구진흥재단,대전 유성구,/rc/clk?jk=1e63763ef5dfbf2a&fccid=c191139d424db37a&vjs=3
2020년도 경력사원,현대글로벌서비스,부산 해운대구,/rc/clk?jk=a7dcc90666d41e95&fccid=2218809aa2d071ff&vjs=3
분야별 수시,에스피씨,서울 서초구,/rc/clk?jk=3c34ae4b7932666c&fccid=1eb2b7c8c114c87c&vjs=3
2020년 해외 R&D 석/박사 및 산학장학생,*회사없음*,서울,/rc/clk?jk=995f796d49d7095c&fccid=6c9206aa5a609175&vjs=3
마케팅 담당자,*회사없음*,성남 판교역,/rc/clk?jk=28d07f29f2dd1517&fccid=a72ebaf825acf7af&vjs=3
Senior Account Strategist,Criteo,서울,/rc/clk?jk=e5c09070c24c8594&fccid=d3ee4a7355a0fb60&vjs=3
Sr Biopharmaceutical Rep,Amgen,서울,/rc/clk?jk=437c912823e99582&fccid=ec34037a9c92d805&vjs=3
뉴트리나 펫케어 사업부 마케팅 전문가,카길애그리퓨리나,경기도 성남,/rc/clk?jk=7b23fe4d041647ed&fccid=59b68f6f9ee37524&vjs=3
Account Strategist - Mid-Market - Seoul,Criteo,서울,/rc/clk?jk=a7464373582dd047&fccid=d3ee4a7355a0fb60&vjs=3
[케이디엑스한국데이터거래소] 데이터 상품 마케터 경력사원,케이디엑스한국데이터거래소,서울 중구,/rc/clk?jk=6c66f6ea58a7e228&fccid=742836438663a89f&vjs=3
"1,2월 경력",*회사없음*,서울,/rc/clk?jk=f935130f920e7f66&fccid=9635ff240e3de5f6&vjs=3
네이버웹툰 Growth Data Analyst(경력),네이버,대한민국,/rc/clk?jk=5155f7b31867f64c&fccid=412ff571bced2587&vjs=3
데이터 분석 전문가 (경력),*회사없음*,서울특별시,/rc/clk?jk=c6402f6a5164a9e9&fccid=6ecf392a15407b3e&vjs=3
신규브랜드 디지털 퍼포먼스마케팅 담당자(팀장급 포함/정규직),*회사없음*,대한민국,/rc/clk?jk=263d15c94818846d&fccid=2f8799a5ef214646&vjs=3
"마케팅기획, 제휴마케팅 외 경력 정규직",데이터블,서울 서대문구,/rc/clk?jk=4d02e71c50f37890&fccid=016d9827bacd37c2&vjs=3
Monitoring Specialist,Amway Inc.,서울,/rc/clk?jk=74c606cf501c7184&fccid=5feeab62533788e8&vjs=3
UA마케팅 담당자,*회사없음*,성남 판교역,/rc/clk?jk=fe69ea58258a2f47&fccid=a72ebaf825acf7af&vjs=3
[유화증권] 5급직원,유화증권,서울 영등포구,/rc/clk?jk=d279f80eb19f4334&fccid=88a21cca039cbb9e&vjs=3
"STAR Team Manager, Mid-Market",Criteo,서울,/rc/clk?jk=6ec673a066569ada&fccid=d3ee4a7355a0fb60&vjs=3
게임 마케팅 UA 채용,쿡앱스,성남 삼평동,/rc/clk?jk=67f389306c950278&fccid=f03a85dc12a1bd6e&vjs=3
신규브랜드 마케팅 기획/운영 담당자(팀장급 포함/정규직),*회사없음*,대한민국,/rc/clk?jk=82e7038917686062&fccid=2f8799a5ef214646&vjs=3
Genomics Field Application Scientist-Korea,"Agilent Technologies, Inc.",서울,/rc/clk?jk=41cdead4a78b3f29&fccid=163c11f34750a7cd&vjs=3
온라인모니터링/운영 분야 경력사원,*회사없음*,서울특별시,/rc/clk?jk=a6b9c072dc7fa854&fccid=9702ca14c9a11940&vjs=3
"[해외취업] 미국, Koowill, 기획 및 마케팅 사무원",Koowill Inc.,대한민국,/rc/clk?jk=ee0da2a17649ab2b&fccid=45bd0d85423e70dc&vjs=3
공공의주방 기획/마케팅 팀원,공공의주방,성남 수정구,/rc/clk?jk=2d714e485416392f&fccid=9ebfac4442e4a33e&vjs=3
Korean Language Manager,Netflix,서울,/rc/clk?jk=7c14bece180ea7be&fccid=66403b30a2c0d89c&vjs=3
Game Economy Manager-게임업체,에이치알컨설팅그룹,서울 강남구,/rc/clk?jk=2aeabe78ff20a2dc&fccid=c406e5bb59c9b5f8&vjs=3
Account Manager/Admin Assistant,Dynata,서울,/rc/clk?jk=6163137d2dd534af&fccid=5362a19c14400543&vjs=3
"Account Strategist, Large Customers",Criteo,서울,/rc/clk?jk=88ca24ad6ecbf113&fccid=d3ee4a7355a0fb60&vjs=3
빅데이터 및 AI기반의 마케팅 마케터 및 플랫폼기획자,컨셉터스(CONCEPTERS),서울 강남구,/rc/clk?jk=81bedf2d7bac42ba&fccid=e3b6baeb70a51db3&vjs=3
전자상거래 디지털 마케팅 대리 과장,피플투피플,서울 강남구,/rc/clk?jk=4fc14b09ee3720bb&fccid=94232b1a80497327&vjs=3
디지털마케팅 start-up에서 함께 성장해 나갈 참신한 인재 (전공무관),시그널에이,서울 영등포구,/rc/clk?jk=a55d41fcaa774d61&fccid=4e3ea9323f736b0f&vjs=3
홍보마케팅팀 / 퍼포먼스마케터,와그트래블,서울 마포구,/rc/clk?jk=3f16717d8c6db7a1&fccid=5c98b9e2aaff2331&vjs=3
"[주5/문정] 데이터입력, 아웃바운드",구현시스템,서울 송파구,/rc/clk?jk=080ce6d26cf1b27d&fccid=0a654c5517d42cbd&vjs=3
[대형보험사] 디지털마케팅,커리어라임즈,서울,/rc/clk?jk=92cf3f2765af2580&fccid=f670eab2debfac5c&vjs=3
"Medical Scientific Liaison, Oncology",AbbVie,서울,/rc/clk?jk=652642e2c1baf1c3&fccid=a3b51ece17c02aae&vjs=3
Oncology MSL,AstraZeneca,서울,/rc/clk?jk=6a7909bd13322c84&fccid=003656df63cede32&vjs=3
Marketing Science Partner,Facebook,서울,/rc/clk?jk=ca717f400f8b9d08&fccid=1639254ea84748b5&vjs=3
Data Scientist,Supercell,서울,/rc/clk?jk=554c2e55cc985488&fccid=3be4151ad9c05814&vjs=3
온라인 채널 영업 경력사원,*회사없음*,서울특별시,/rc/clk?jk=15a5c6695e3a0328&fccid=9702ca14c9a11940&vjs=3
서울형 뉴딜일자리 청년마케터 참여자,*회사없음*,대한민국,/rc/clk?jk=01c6d5e6bf20c072&fccid=bad5147f4e9c39a8&vjs=3
금융 데이터 분석 및 데이터 전략기획 담당,디에스파트너즈그룹,서울,/rc/clk?jk=f0049b34a1ca824e&fccid=ec1d0c6e548bba97&vjs=3
서울주택도시공사 개방형 직위 및 전문직 등,*회사없음*,대한민국,/rc/clk?jk=fa76401e63fbbe3f&fccid=bad5147f4e9c39a8&vjs=3
Mobile Application 기획 경력사원,*회사없음*,서울 서초구,/rc/clk?jk=94e6e94823e3b769&fccid=9702ca14c9a11940&vjs=3
기획/마케팅 인턴,해커스,서울 강남구,/rc/clk?jk=fc3c404a1652b40d&fccid=9fcc8dc27a170fd3&vjs=3
"Business Intern, Veteran",*회사없음*,서울,/rc/clk?jk=6faafe55598a7e8e&fccid=a5b4499d9e91a5c6&vjs=3
"Customer Engineer, Networking (GCloud Customers)",*회사없음*,서울,/rc/clk?jk=48e1040eb26fe07c&fccid=a5b4499d9e91a5c6&vjs=3
광고팀 - 분석가,Nexon,성남 분당구,/rc/clk?jk=3a08c7089343733d&fccid=aba87288e4cc3687&vjs=3
외국계 광학기기회사 Trade Marketing Director 경력직,커리어파크(Career Park),서울 서초구,/rc/clk?jk=4db662c40f5f2723&fccid=f35d2634ccd09ebd&vjs=3
"Engagement Manager, gTech",*회사없음*,서울,/rc/clk?jk=a4aa6961fa6027f2&fccid=a5b4499d9e91a5c6&vjs=3
AI/빅데이터 분야 (인재 Pool),*회사없음*,서울,/rc/clk?jk=fb617eeb80ea6fa9&fccid=6c9206aa5a609175&vjs=3
"QA Specialist (Based in Seoul, Korea)",Illumina,대한민국,/rc/clk?jk=2928fa5fce4ef9ca&fccid=8524239b088a6649&vjs=3
"Assistant Manager, Branch Office - Humphreys Plaza",Navy Federal Credit Union,대한민국,/rc/clk?jk=f22056739ef7062d&fccid=4ed6ffc68430216f&vjs=3
Workflow Consultant,Roche,서울,/rc/clk?jk=07a11c466847a9b8&fccid=bca1c8ed48c3b338&vjs=3
Business Development Lead,*회사없음*,서울,/rc/clk?jk=a564fe2653685aa0&fccid=683f563b5cc25b70&vjs=3
[스낵포] 마케팅팀장(경력),스낵포,서울 강남구,/rc/clk?jk=7adbe6d63084c9de&fccid=da0d56ffc6e5f667&vjs=3
윌라 마케팅 커뮤니케이션 담당자 정규직,인플루엔셜,서울 강남구,/rc/clk?jk=62698097eb3d8efb&fccid=9c4ecdf1c55834a2&vjs=3
[W마인드실]푸시 채널 및 개인화 마케팅 운영/기획(정규직),*회사없음*,대한민국,/rc/clk?jk=2436526da7d59ab2&fccid=2f8799a5ef214646&vjs=3
홍보마케팅팀 / 퍼포먼스마케터 (팀장급),와그트래블,서울 마포구,/rc/clk?jk=fe3a5e12723ebca2&fccid=5c98b9e2aaff2331&vjs=3
NHN PAYCO 상시,엔에이치엔페이코,성남 분당구,/rc/clk?jk=3c8055a0b9873e94&fccid=9ba1bc392fe1669e&vjs=3
Business Analysis Team Leader,Pernod Ricard,서울,/rc/clk?jk=4df59dec38430979&fccid=12f2838ca043e71d&vjs=3
네이버 광고 플랫폼 기획자,네이버,대한민국,/rc/clk?jk=ee70c4a3cf3d315e&fccid=412ff571bced2587&vjs=3
"HR Advisor (1 Year Contract), Pangyo",Dialog Semiconductor,대한민국,/rc/clk?jk=f245e8683b3219ac&fccid=0dbb963973c4856c&vjs=3
"Industry Manager, Branding",*회사없음*,서울,/rc/clk?jk=23ca217399f0583b&fccid=a5b4499d9e91a5c6&vjs=3
Technical Solutions Engineer,MightyHive,서울,/rc/clk?jk=2d83dcf8baac736b&fccid=467aefff3a9cf758&vjs=3
"Client Partner, Digital Natives, Korea",Facebook,서울,/rc/clk?jk=15adfe1decccb339&fccid=1639254ea84748b5&vjs=3
Talent Acquisition Specialist,"Atlas Copco Korea Co., Ltd.",경기도 성남,/rc/clk?jk=7eb6a747667c3298&fccid=69e05d80459e61b8&vjs=3
Clinical Application Specialist (1-year-contract),GE Healthcare,서울,/rc/clk?jk=391dbdaf1a390bee&fccid=65b5f2aba4dbd31f&vjs=3
"Industry Manager, Finance",*회사없음*,서울,/rc/clk?jk=ca3b14608cf822fb&fccid=a5b4499d9e91a5c6&vjs=3
[Consumer] Brand Manager,*회사없음*,서울,/rc/clk?jk=1bee1feeed5ac6e9&fccid=0bed8e17bc113980&vjs=3
네이버웹툰 일본 서비스 담당자 (경력),네이버,대한민국,/rc/clk?jk=8cb9681514a55452&fccid=412ff571bced2587&vjs=3
2020년도 마케팅팀 : 온라인마케팅 SNS 광고 기획 및 운영 담당자,우리코스메틱,서울 서초구,/rc/clk?jk=4fbf37dda44d8c5c&fccid=51844c9e5ff3d319&vjs=3
Partner Training BDM - Korea,Amazon Web Services Korea LLC,서울,/rc/clk?jk=c2241329df55453b&fccid=fe2d21eef233e94a&vjs=3
Talent Procurement Deputy Team Leader (Cha-Jang),*회사없음*,서울,/rc/clk?jk=de1431d197010688&fccid=1544766d4c2915b0&vjs=3
Accountant,NBCUniversal,서울,/rc/clk?jk=bcb2535af09b587d&fccid=35d653c09c2712b6&vjs=3
"신규 모바일 편집샵 MD,마케팅,컨텐츠 경력",*회사없음*,서울 성내동,/rc/clk?jk=9c7410701c214459&fccid=3fc3f80d4e8b18e0&vjs=3
갤러리K 퍼포먼스마케터 경력자,케이에이씨피에이,서울 서초구,/rc/clk?jk=1385595bdad5f1d0&fccid=d5f372634fdd06ed&vjs=3
디지털마케팅 start-up 함께 성장해 나갈 참신한 인재 (전공무관),시그널에이,서울 영등포구,/rc/clk?jk=254e079fe8ce9e58&fccid=4e3ea9323f736b0f&vjs=3
Research Executive,*회사없음*,서울,/rc/clk?jk=4ea0e894bb2a5daa&fccid=fc0eeff012676923&vjs=3
전자상거래 온라인 마케팅 대리 과장,피플투피플,서울특별시,/rc/clk?jk=dcc89764a6dc0d38&fccid=94232b1a80497327&vjs=3
BX 디자인 (팀원급) 국내최대 모바일 플랫폼 대기업 계열사,국내최대 모바일 플랫폼 대기업 계열사,서울특별시,/rc/clk?jk=bfa077cd7c75df96&fccid=ada1ab1b0ed6c895&vjs=3
Assistant Trade Marketing Manager,The Clorox Company,서울,/rc/clk?jk=b1bc845af44f40b5&fccid=b819ccc257811b0d&vjs=3
"Channel Director, Special Trade",Energizer,서울,/rc/clk?jk=4386c27c77899753&fccid=87dcfd25f6f690d8&vjs=3
Customer Engagement Specialist,*회사없음*,서울,/rc/clk?jk=13d7df29b76567ff&fccid=5d3ed74ca4598964&vjs=3
(NH-Amundi자산운용) 마케팅부문 마케팅전략본부 인턴,엔에이치아문디자산운용,대한민국,/rc/clk?jk=8b10e12c5b737ec8&fccid=e39e5030f94e4712&vjs=3
[해외취업] Assistant Product Manager,*회사없음*,대한민국,/rc/clk?jk=08c545e31adc19cb&fccid=3baffba98df23da3&vjs=3
General Manager - South Korea,Lime,서울,/rc/clk?jk=82bbaee25d6ce20a&fccid=8e2e678241df1d58&vjs=3
Lead Privacy Manager,*회사없음*,서울,/rc/clk?jk=b9f3a4907a7451d6&fccid=2c62e4de04b8f952&vjs=3
(상시) 인공지능 플랫폼 전문가,에셋플러스자산운용,대한민국,/rc/clk?jk=fe403c5862ddc9f8&fccid=8ab063b7c8c26513&vjs=3
[Consumer] Consumer Care Center Leader,*회사없음*,서울,/rc/clk?jk=0578a5c322286ebb&fccid=0bed8e17bc113980&vjs=3
[해외취업] Korean Desk,피플앤잡스,대한민국,/rc/clk?jk=8e0e30f4b3a92d2d&fccid=d1422fe4d4633f2f&vjs=3
"Field Applications Engineer(FAE)-Mobile, Seoul",Micron,서울,/rc/clk?jk=cfd24c68e4c1f7e5&fccid=be240c643a8631c5&vjs=3
H패션몰 직무별 경력(4년 이상),*회사없음*,서울특별시,/rc/clk?jk=815d2ff14dfe5fb1&fccid=3fc3f80d4e8b18e0&vjs=3
IQOS Boutique Lead - Gwanghwamun,*회사없음*,서울,/rc/clk?jk=5c4123f6cc4c2632&fccid=4141256365dbb7d7&vjs=3
대신금융그룹 신입(인턴) 및 경력사원,대신증권,서울,/rc/clk?jk=92ab6bcd65b72345&fccid=b50a2bc7c6a720c4&vjs=3
[MD]신규브랜드 상품기획MD(팀장급 포함/정규직),*회사없음*,대한민국,/rc/clk?jk=964b84ea639644e2&fccid=2f8799a5ef214646&vjs=3
빅데이터 마케팅 플랫폼 서비스 웹디자인 및 & UX / UI 디자이너,컨셉터스(CONCEPTERS),서울 강남구,/rc/clk?jk=750a40eb6b2607b2&fccid=e3b6baeb70a51db3&vjs=3
마케팅 본부 인턴직,알펜루트자산운용,대한민국,/rc/clk?jk=6398c12740987a7f&fccid=56fe31da8aa59e36&vjs=3
의류브랜드 - 마케팅 컨텐츠팀,버건비,서울 동대문구,/rc/clk?jk=5aed2e83b49244cd&fccid=adb0558c567a19bb&vjs=3
"Manager, International Student Recruitment - South Korea",ApplyBoard,서울,/rc/clk?jk=c4a71d3441b4b841&fccid=132cf1d64633e77d&vjs=3
[경력] Digital 본부 – 디지털 전략/프로세스 및 인텔리전트 자동화 서비스 컨설턴트,*회사없음*,서울 강남구,/rc/clk?jk=7abd0f78c51f7cee&fccid=7651bf7c7525e8f6&vjs=3
영업관리 데이터 사무원,달마전자,광주 북구,/rc/clk?jk=4970a391c5555078&fccid=8ab4a4fa0c5354b1&vjs=3
"인공지능 플랫폼 회사(알파브릿지) 경력직(IT, 관리)",에셋플러스자산운용,대한민국,/rc/clk?jk=989c8d5579ea7132&fccid=8ab063b7c8c26513&vjs=3
"마케팅 경력자 채용 - 업계 최대 성과급, 천안에...",포메틱,천안 백석동,/rc/clk?jk=f5671b3057c75ae4&fccid=a8e1a8af1897b0bc&vjs=3
더한섬닷컴 직무별 경력(4년 이상),*회사없음*,서울 성내동,/rc/clk?jk=afb163244f72ab3e&fccid=3fc3f80d4e8b18e0&vjs=3
MSL,*회사없음*,서울,/rc/clk?jk=3c46c25f403f6aef&fccid=01c9ea880c965182&vjs=3
온라인 총괄 및 광고마케팅 팀장,MJ피플,서울 구로구,/rc/clk?jk=0ab8fe8e7547fe6d&fccid=e5e474a2db33e0d9&vjs=3
(상시) SNS 소통 전문가,에셋플러스자산운용,대한민국,/rc/clk?jk=58840f39b35223dc&fccid=8ab063b7c8c26513&vjs=3
ICT Life Actuarial Consultant (Actuarial Valuation) - Korea,Willis Towers Watson,서울,/rc/clk?jk=842b16863f21b2ea&fccid=52f90de7b5346a08&vjs=3
[충남형 지역균형발전 청년고용사업 신청기업]퍼포먼스 마케터 정규직,파라그랩PARAGRAP,천안 동남구,/rc/clk?jk=fadf6419f226f01f&fccid=d45a7e2a3cb6d65b&vjs=3
"Medical Affairs Head, Seoul, Korea",Takeda Pharmaceuticals,서울,/rc/clk?jk=4f37f0771b03be96&fccid=4819693c833d5b6e&vjs=3
Global Marketing,Park Systems,경기도 수원,/rc/clk?jk=32521aee932a127d&fccid=c0d9310a8ea82515&vjs=3
위메프 이벤트/프로모션 기획 담당자(정규직),*회사없음*,대한민국,/rc/clk?jk=f84658f10562f670&fccid=2f8799a5ef214646&vjs=3
Brand Manager_Champagne,Pernod Ricard,서울,/rc/clk?jk=099dcc1dca0cec63&fccid=12f2838ca043e71d&vjs=3
Brand Manager_Malts,Pernod Ricard,서울,/rc/clk?jk=5f6570a891a35a1c&fccid=12f2838ca043e71d&vjs=3
"Sales Manager, Extended Access Technologies, Korea",Assa Abloy,대한민국,/rc/clk?jk=5a96187dd3bd6f89&fccid=0a4ad7ebd9b0c8ee&vjs=3
Senior Analyst,*회사없음*,서울,/rc/clk?jk=36ee067624df69ef&fccid=fc0eeff012676923&vjs=3
Account Executive,Tableau,서울,/rc/clk?jk=493fca8cda63bd69&fccid=f334737e3fd6818e&vjs=3
"ICBU Global Supplier Development Business Development Manager, South Korea",Alibaba,서울,/rc/clk?jk=20a2775ff5d172de&fccid=4e75c921d3645259&vjs=3
PC/모바일 게임 마케터,Nexon,성남 분당구,/rc/clk?jk=a792a56aef7f72d1&fccid=aba87288e4cc3687&vjs=3
(주)한솥 2020년 상반기 각 부문별 경력직,한솥,서울 강남구,/rc/clk?jk=747e997c88b04547&fccid=7ecda086ba52926c&vjs=3
"마케팅 본부 (신입,경력 무관)",알펜루트자산운용,대한민국,/rc/clk?jk=f6de0cea9b8e9be5&fccid=56fe31da8aa59e36&vjs=3
멜론 서비스 데이터 분석 및 개발자,*회사없음*,성남 판교역,/rc/clk?jk=8f0dfcd582982dcb&fccid=32b9af632cf3b9f9&vjs=3
재단법인 여시재,재단법인 여시재,서울 종로구,/rc/clk?jk=efa462a5d354ee38&fccid=c8cc3a53bd9f3f29&vjs=3
"Sales Manager, Extended Access Technologies, Korea (REQ-782)",HID Global,대한민국,/rc/clk?jk=ac43f0ce08fda504&fccid=b51a93b6defb2a2e&vjs=3
"데이터분석, 빅데이터 경력 정규직",마이더스에이치알,서울,/rc/clk?jk=3bf9ad4d7d005afd&fccid=a41b5ef1ae194868&vjs=3
2020 상반기 해외 LGenius 석박사,*회사없음*,경기도 파주,/rc/clk?jk=688be04586df3e8c&fccid=d22bc4952bd6c033&vjs=3
Executive Assistant | Economic and Financial Consulting,"FTI Consulting, Inc.",서울,/rc/clk?jk=76e711203fb751e8&fccid=a51fd46bede29189&vjs=3
[EY한영] 컨설팅본부(Advisory) PI-Customer팀 경력직 모집,*회사없음*,대한민국,/rc/clk?jk=aa9fe8e9fd5c6f84&fccid=1544766d4c2915b0&vjs=3
Online Key Account(Kakao) Executive,The Estée Lauder Companies,대한민국,/rc/clk?jk=2a377c81fc2eb24f&fccid=5cbdaa742f7e51f3&vjs=3
스퀘어엑시트 마케팅/컨텐츠 기획자,스퀘어엑시트,서울 동작구,/rc/clk?jk=fcec2d379b15d1c8&fccid=e10c8e470b3b7ec3&vjs=3
신규브랜드 컨텐츠마케팅 담당자(팀장급 포함/정규직),*회사없음*,대한민국,/rc/clk?jk=90587e3265943860&fccid=2f8799a5ef214646&vjs=3
Entrue컨설팅 경력,*회사없음*,서울,/rc/clk?jk=d4223ed5d146417b&fccid=9635ff240e3de5f6&vjs=3
(주)카파아이엔티 마케팅 경력 정규직,카파아이엔티,성남 분당구,/rc/clk?jk=b4f306bb6717e21d&fccid=b6ddfe29318af2fc&vjs=3
"(상시) SNS 소통 전문가, 문장 디자이너",에셋플러스자산운용,대한민국,/rc/clk?jk=1df689144d0222f7&fccid=8ab063b7c8c26513&vjs=3
Service Sales Specialist,GE Healthcare,서울,/rc/clk?jk=83a00af659d1ebd9&fccid=65b5f2aba4dbd31f&vjs=3
'20년 상반기 해외 석박사 (AI/빅데이터/신기술연구/클라우드/컨설팅/UX),*회사없음*,서울,/rc/clk?jk=fb2e7019609f0d5d&fccid=9635ff240e3de5f6&vjs=3
"Field Application Scientist, South Korea",Meso Scale Diagnostics,대한민국,/rc/clk?jk=6806c33c39c67168&fccid=279a2c8fd78c035c&vjs=3
MA Sales Planner,*회사없음*,서울,/rc/clk?jk=0bd3bdc45d1c543c&fccid=3a6b309410a33a62&vjs=3
Agency Solutions Manager,Facebook,서울,/rc/clk?jk=08a92dc4dd7631d7&fccid=1639254ea84748b5&vjs=3
Business Adminsotrator (Event Manager),*회사없음*,서울,/rc/clk?jk=f3a5bc81dba35226&fccid=e4af9ca5b6d3a604&vjs=3
eComm Marketing Specialist,"Under Armour, Inc.",서울,/rc/clk?jk=cbf1666d89cb2545&fccid=f5d526c81b4033de&vjs=3
Supervisor IQOS Marketing,*회사없음*,서울,/rc/clk?jk=7dd781386158ebbc&fccid=4141256365dbb7d7&vjs=3
서비스센터 업무지원자,동성모터스,부산 해운대구,/rc/clk?jk=f2e1c7a89229cf15&fccid=946f5b6d95e5cc98&vjs=3
글쓰기로 세상 바꿀 수 있다고 믿는 문장 디자이너,에셋플러스자산운용,대한민국,/rc/clk?jk=5499f88d3e5df0ba&fccid=8ab063b7c8c26513&vjs=3
Marketing Science Director,*회사없음*,서울,/rc/clk?jk=2d5c603043556b81&fccid=fc0eeff012676923&vjs=3
SFE / CE Consultant,IQVIA,서울,/rc/clk?jk=dd3a1f29fbf8fe7c&fccid=6b7a1dfe07e7f037&vjs=3
"Business Specialist, Nike.com",*회사없음*,서울,/rc/clk?jk=72303ef4dff64b2d&fccid=2c62e4de04b8f952&vjs=3
Renewal specialist (12 months contract),Adobe,서울,/rc/clk?jk=a97095c85f3bba65&fccid=f89deb5a97c7738a&vjs=3
"Rep, Sales",*회사없음*,서울,/rc/clk?jk=ebef1ebf3a58f219&fccid=01c9ea880c965182&vjs=3
KR - Senior Specialist Accounting & Treasury,TaylorMade Golf Company,서울,/rc/clk?jk=b551f7cdffdd56da&fccid=fe34a53b54817a94&vjs=3
Competitor Analyst,Dyson,서울,/rc/clk?jk=793205899ed6c3db&fccid=366382f52796fce2&vjs=3
"Managed Services Consultant, R&D",Veeva Systems,서울,/rc/clk?jk=eb5dcb05685028fa&fccid=353eb997fc901045&vjs=3
Application Engineer - ATE Applications,"Cohu, Inc.",경기도,/rc/clk?jk=121c40b23e3b69e5&fccid=6a50b8f44a5998ac&vjs=3
Marketing Coordinator,Harman International,서울,/rc/clk?jk=d43c5957c41473ae&fccid=4faf342d2307e9ed&vjs=3
[디자이너]신규브랜드 BI/컨텐츠/패키지 디자이너(정규직),*회사없음*,대한민국,/rc/clk?jk=269344ff5d2fb6bb&fccid=2f8799a5ef214646&vjs=3
Lead Technical Solutions Engineer,MightyHive,서울,/rc/clk?jk=ae2c6294bc277408&fccid=467aefff3a9cf758&vjs=3
"Solution Architect, Data Scientist - WWFO",NVIDIA,서울,/rc/clk?jk=475bfcb9fe2956fa&fccid=c267f29f0f85e8b8&vjs=3
"Industry Manager, Gaming and Apps",*회사없음*,서울,/rc/clk?jk=207732376ffd082d&fccid=a5b4499d9e91a5c6&vjs=3
[글로벌마켓운영팀] 일본 오픈마켓 운영 담당자,심플렉스,서울 동작구,/rc/clk?jk=04b77d23bdb7ddaa&fccid=a792f668ea278019&vjs=3
트레이드 마케팅 담당 유명프랜차이즈 기업,유명프랜차이즈 기업,서울특별시,/rc/clk?jk=b391f0b02b899c27&fccid=16d2859e4583e26c&vjs=3
여행짐 배송 및 여행플랫폼 마케팅 부문 경력,스마일시스템,인천 계양구,/rc/clk?jk=16f0376d50963607&fccid=2119e1a333134ac7&vjs=3
서브컬쳐 사랑하는 출판인재,에이케이커뮤니케이션즈,서울 마포구,/rc/clk?jk=8454923eb9b7b852&fccid=3693c100a0038378&vjs=3
모비데이즈 디지털마케팅세일즈 경력직,모비데이즈,서울 역삼동,/rc/clk?jk=5a02db28bd60b32f&fccid=c004369c09a277d7&vjs=3
Client Services & Support Generalist,Moody's Analytics,서울,/rc/clk?jk=77dbd587485a9904&fccid=28eefc5b86560831&vjs=3
[정글M&C] 마케팅사업부 바이럴부문 정규직,정글엠앤씨,서울 관악구,/rc/clk?jk=a6d32f950f4a9bf2&fccid=ccca2bae92d10dce&vjs=3
[멜론] 빅데이터 서비스 개발자,*회사없음*,성남 판교역,/rc/clk?jk=3e2a310c9dd0f693&fccid=32b9af632cf3b9f9&vjs=3
Senior Reimbursement Specialist,Stryker,서울,/rc/clk?jk=9cfb5aa8e80d5e7a&fccid=7847eeddd5ec77ae&vjs=3
외국기업 Business Intelligence & Data analysis Manager,라이브이그제큐티브써치,서울,/rc/clk?jk=ca592deaf56e9143&fccid=811090bbb8c90d9f&vjs=3
"마케팅기획, 바이럴마케팅 외 경력 정규직",데이터블,서울 서대문구,/rc/clk?jk=06c34b62e6903ef9&fccid=016d9827bacd37c2&vjs=3
패션 마케팅 & e-come 부서장,브랜디드라이프스타일코리아,서울 금천구,/rc/clk?jk=31eedcb0bbddfafb&fccid=eede197c44723384&vjs=3
"Program Manager, Amazon Global Selling",Amazon Services Korea LLC,서울,/rc/clk?jk=dbce4e5907cff40e&fccid=fe2d21eef233e94a&vjs=3
"Senior Business Analyst, Sales Efficiency",Apple,서울,/rc/clk?jk=932634736b167bb2&fccid=c1099851e9794854&vjs=3
광운씨엔에스(주) 2020년 상반기,광운씨엔에스,서울,/rc/clk?jk=de4137e862390ca4&fccid=2984673d6a759776&vjs=3
"Medical Advisor, Oncology",AbbVie,서울,/rc/clk?jk=738003d2ac7387f6&fccid=a3b51ece17c02aae&vjs=3
"Regional Director, South Korea",*회사없음*,대한민국,/rc/clk?jk=18c531c2109058ac&fccid=fd1f6255717cee80&vjs=3
HR Generalist at Cheonan,*회사없음*,충청남도 천안,/rc/clk?jk=4bbae150820115a2&fccid=d29c5f56235af7ca&vjs=3
Business Development Associate,Guidepoint Global,서울,/rc/clk?jk=1e55e10323572a38&fccid=3ec60d46cb3714f9&vjs=3
Senior Category Executive – Personal Care(Hair Care),Dyson,서울,/rc/clk?jk=7d103d7da7aa6ac1&fccid=366382f52796fce2&vjs=3
Assistant Trade Marketing Manager,Burt's Bees,서울,/rc/clk?jk=86336a50e054a473&fccid=9029b89860ab6603&vjs=3
Senior Mechanical Engineer I,ASM,대한민국,/rc/clk?jk=3a225333c91b3319&fccid=2f78c666a1ead0f5&vjs=3
"Manager, emarketplace, eCommerce",*회사없음*,서울,/rc/clk?jk=a6266c666ad8f96f&fccid=8686937f641f561b&vjs=3
"[Consumer] IT Manager, Digital Product Line",*회사없음*,서울,/rc/clk?jk=713ed557f1d5a388&fccid=0bed8e17bc113980&vjs=3
Cross Border Ecommerce - Team Assistant for Korea Market,Shopee,서울,/rc/clk?jk=ef847388cd119b0b&fccid=0b476c4a7add47fe&vjs=3
마케팅(대리~과장급) 국내 중견 외식기업,국내 중견 외식기업,서울특별시,/rc/clk?jk=3030a7f387b63820&fccid=8a0a3d96b2b2605e&vjs=3
"Director, Connect Client Service",*회사없음*,서울,/rc/clk?jk=01b1001c51b6ca89&fccid=683f563b5cc25b70&vjs=3
"Digital Analytics (Integrated Knowledge) Manager, Nike Direct Digital Commerce",*회사없음*,서울,/rc/clk?jk=2fcfcca729c300e5&fccid=2c62e4de04b8f952&vjs=3
Business Development Associate,Guidepoint,서울,/rc/clk?jk=72fd82a38fcf46c8&fccid=bf7646a289667e23&vjs=3
"Marketing Manager Korea , Global Business Marketing",Facebook,서울,/rc/clk?jk=b2e43b7a0dbc5ea8&fccid=1639254ea84748b5&vjs=3
Sr. Customer Success Manager,Slack,서울,/rc/clk?jk=eae0e3cdd066bcce&fccid=8d0ce3817d129779&vjs=3
Autonomous Database Sales Representative,*회사없음*,서울,/rc/clk?jk=78ca43c845bb6505&fccid=cd22d01053af7669&vjs=3
Senior Managing Consultant,MasterCard,서울,/rc/clk?jk=0a85fe5d82fe625f&fccid=10b5c722d846df43&vjs=3
"Specialist Solutions Architect III, AI/ML",Amazon Web Services Korea LLC,서울,/rc/clk?jk=2625bdacef9c5d08&fccid=fe2d21eef233e94a&vjs=3
다코타 앱 서비스 안드로이드 개발자 모심,캐시파이,서울 마포구,/rc/clk?jk=45dd4b89af0f1c82&fccid=11122b2b83573106&vjs=3
Regulatory Affairs Specialist,*회사없음*,서울,/rc/clk?jk=da4cf181c7f3c285&fccid=5d3ed74ca4598964&vjs=3
Senior Electrical Engineer I,ASM,대한민국,/rc/clk?jk=12a598ee3fd02fc2&fccid=2f78c666a1ead0f5&vjs=3
Oracle Academy for Korea & Japan,*회사없음*,서울,/rc/clk?jk=c06ec74ce07430b2&fccid=cd22d01053af7669&vjs=3
"Associate Director, Career & Internship Development",University of Utah,인천,/rc/clk?jk=9266830fcea5ce03&fccid=6328b27691d3fdc3&vjs=3
"Medical Advisor, Gastro/HCV",AbbVie,서울,/rc/clk?jk=2a6a9304011cfd14&fccid=a3b51ece17c02aae&vjs=3
서울특별시 일반임기제공무원,*회사없음*,대한민국,/rc/clk?jk=0193e11383dc68e5&fccid=bad5147f4e9c39a8&vjs=3
Domain lead - Brand,*회사없음*,서울,/rc/clk?jk=30c98e9d48d28942&fccid=fc0eeff012676923&vjs=3
Sr Field Applications Engineer,Qorvo,서울,/rc/clk?jk=3ed320301a039a77&fccid=f0f57785b56c2161&vjs=3
Marketing Specialist (수시모집 인재풀 등록),*회사없음*,서울,/rc/clk?jk=efab6d4feed3e772&fccid=595d42593839d3a2&vjs=3
Marketing Manager,"Fiserv, Inc.",서울,/rc/clk?jk=44fba453d6ac3b0c&fccid=1ea0475711674f3b&vjs=3
Panel Advisor/Administrator,*회사없음*,서울,/rc/clk?jk=fa7804ec78842311&fccid=fc0eeff012676923&vjs=3
Product Sales Specialist,GE Healthcare,서울,/rc/clk?jk=647047438176c2f5&fccid=65b5f2aba4dbd31f&vjs=3
Country Head - South Korea,Qualtrics,서울,/rc/clk?jk=fb2c8e82ff614b16&fccid=10db9f943841d5db&vjs=3
"Customer Engineer, Security, Google Cloud Customers",*회사없음*,서울,/rc/clk?jk=8c1436cf2516395a&fccid=a5b4499d9e91a5c6&vjs=3
UX실 UXPM팀 - 리서치 슈퍼바이저,Nexon,성남 분당구,/rc/clk?jk=3d29fa284c0b8d3c&fccid=aba87288e4cc3687&vjs=3
Partnerships Manager,Bytedance,서울,/rc/clk?jk=b2d39fe3f1aedc0b&fccid=74fbc768a4e5bece&vjs=3
[플랫폼]서비스기획 담당자(정규직),*회사없음*,대한민국,/rc/clk?jk=adf5df96a4adc87e&fccid=2f8799a5ef214646&vjs=3
Senior Application Engineer - Technical Computing and AI,MathWorks,서울,/rc/clk?jk=66520543e9bb139c&fccid=20ccf7980496f3a8&vjs=3
Commerce Domain leader,*회사없음*,서울,/rc/clk?jk=87cc067d6f49ce13&fccid=fc0eeff012676923&vjs=3
Senior Product Support Engineer I,ASM,대한민국,/rc/clk?jk=c62e0e598a135404&fccid=2f78c666a1ead0f5&vjs=3
Unit Process Engineer - Cheonan,*회사없음*,충청남도 천안,/rc/clk?jk=6f18e97871616f79&fccid=d29c5f56235af7ca&vjs=3
"Head of Startup Solutions Architects, Korea",Amazon Web Services Korea LLC,서울,/rc/clk?jk=cf09d7c45fd16cac&fccid=fe2d21eef233e94a&vjs=3
Marketing Executive,OSIsoft,서울,/rc/clk?jk=173ac7adffd53148&fccid=a576d0128709f129&vjs=3
허그컴퍼니 마케팅 직원.,캐로스코리아,경기도 하남,/rc/clk?jk=edd53770737757ec&fccid=7076680105bea574&vjs=3
"시장조사·분석, 통계 외 신입 인턴",한국갤럽조사연구소,서울 종로구,/rc/clk?jk=4e1177b19e491740&fccid=24fb9e6a33c5b008&vjs=3
스타일러스 온라인 마케팅 및 쇼핑몰 상세페이지 디자인,스타일러스,서울 강동구,/rc/clk?jk=29f42b4ae89a17f5&fccid=9fb6a58caaec636c&vjs=3
CRB Retail Marketing (Sales) - Korea,Willis Towers Watson,서울,/rc/clk?jk=df22658adcd5c0ff&fccid=52f90de7b5346a08&vjs=3
"AP Hematology Director, Janssen Medical Affairs",*회사없음*,대한민국,/rc/clk?jk=8b2afe210e7a5d17&fccid=0bed8e17bc113980&vjs=3
Product Manager,Amgen,서울,/rc/clk?jk=95f7b2362756e0fe&fccid=ec34037a9c92d805&vjs=3
퍼포먼스 마케터 (SA 중심),Soomgo,서울 강남구,/rc/clk?jk=08ac4426aa2a7bed&fccid=f9a401b2af6cde91&vjs=3
Senior Technical Consultant,MathWorks,서울,/rc/clk?jk=22a5590c81649937&fccid=20ccf7980496f3a8&vjs=3
Consumer Reseller Online Account Executive,Apple,서울,/rc/clk?jk=7086f3830699fc5b&fccid=c1099851e9794854&vjs=3
"Director - Visa Consulting and Analytics, Korea",Visa,서울,/rc/clk?jk=131536c281de628f&fccid=a3f737e511d9fc8c&vjs=3
"Partner Marketing Consultant - Seoul, South Korea",ZINFI SOFTWARE SYSTEMS,서울,/rc/clk?jk=f2f5ea6d908d0277&fccid=118989d270059f92&vjs=3
"[해외취업] 말레이시아, IPSOS, PROJECT MANAGER",IPSOS,대한민국,/rc/clk?jk=861c33df9ffdc037&fccid=d73294b71d7f0354&vjs=3
"Director, Consumer Sales",Harman International,서울,/rc/clk?jk=1117329dce02eb44&fccid=4faf342d2307e9ed&vjs=3
중견 글로벌 제약사 마케팅 PM(2년이상 ETC),유어사이드,서울 강남구,/rc/clk?jk=a635adb307dd26a0&fccid=7fbfdab84162f4af&vjs=3
각 직무별 신입/경력사원,유비케어,서울 구로구,/rc/clk?jk=b57e82531524e145&fccid=3cb0cf5421b60068&vjs=3
Sales Specialist - PDx,GE Healthcare,대전,/rc/clk?jk=200598686754f601&fccid=65b5f2aba4dbd31f&vjs=3
"Executive, Consumer Care",Energizer,서울,/rc/clk?jk=10987fad3e9c172c&fccid=87dcfd25f6f690d8&vjs=3
"Culture and Trends Manager, YouTube Marketing",YouTube,서울,/rc/clk?jk=1fb779a4c4683f50&fccid=a9021c35fcef6968&vjs=3
프론트엔드 개발자 (스마트프런트팀),야놀자,서울 강남구,/rc/clk?jk=85b633432fdc315d&fccid=73fe623ec23ed0a5&vjs=3
[여의도] 외국계 대기업 Marketing Assistant,잡앤피플,서울특별시,/rc/clk?jk=14dc8970e67f8c29&fccid=829528fa3b04b1ad&vjs=3
디지털 트랜스포메이션 (Digital Transformation) 경력자 초빙,에이치앤티어세스,서울 서초구,/rc/clk?jk=2074287bf1071386&fccid=df3a3f13d25dcd10&vjs=3
Enterprise Security Solutions Engineer,Akamai,서울,/rc/clk?jk=8f9c258482a1b4cb&fccid=9c094dedde5fb497&vjs=3
Business Development Manager,H.B. Fuller,서울,/rc/clk?jk=f24ad32e3892b97f&fccid=d439d9f8ab588c5f&vjs=3
2019년 시지온 공채,CIZION,서울 마포구,/rc/clk?jk=97256f40f8e27da3&fccid=72bc19ccf766e674&vjs=3
"Client Solutions Manager, Consumer Products",Facebook,서울,/rc/clk?jk=4901aa4a0536d3b1&fccid=1639254ea84748b5&vjs=3
"파인우드리빙, 디지털 마케터",파인우드리빙,대한민국,/rc/clk?jk=ff0f9452247d40ef&fccid=a9e8a47288b654bc&vjs=3
CBEC사업기획 일본계 생활화학 제품 제조사,일본계 생활화학 제품 제조사,서울특별시,/rc/clk?jk=23bb4fafe1251d0c&fccid=e4c07295e39dc0f8&vjs=3
"Publisher Development Manager, Japan & Korea",Facebook,서울,/rc/clk?jk=b292d91e33a8f8fd&fccid=1639254ea84748b5&vjs=3
Sr. Application Engineer - ATE Applications,"Cohu, Inc.",경기도,/rc/clk?jk=67a422e617eea9b5&fccid=6a50b8f44a5998ac&vjs=3
[해외취업] Key Account Manager,Varroc Engineering Limited,대한민국,/rc/clk?jk=da4f8ab2dad10011&fccid=92a554112d70cc41&vjs=3
[충남형 지역균형발전 청년고용사업 신청기업]퍼포먼스 마케터 정규직,파라그랩,천안 동남구,/rc/clk?jk=88bfbcd1fb39925a&fccid=2cd7297748f9bfc6&vjs=3
[6IXTY8IGHT] Marketing & E-Commerce Specialist/Manager,식스티에잇코리아,서울 강남구,/rc/clk?jk=0fb65009463c01ee&fccid=038ec1b747c50432&vjs=3
After Market sales Manager 그룹 주력 계열사,그룹 주력 계열사,서울특별시,/rc/clk?jk=26a1c9a9c5a62ec6&fccid=7e5857a60073e0e8&vjs=3
백엔드 개발자 (스마트프런트팀),야놀자,서울 강남구,/rc/clk?jk=30ec9aab7495a695&fccid=73fe623ec23ed0a5&vjs=3
"Senior Manager, Consumer Experience, eCommerce",*회사없음*,서울,/rc/clk?jk=d5775c674079acd2&fccid=8686937f641f561b&vjs=3
[마케팅센터] SNS마케팅 운영 담당자,심플렉스,서울 동작구,/rc/clk?jk=712f1bc01f00c536&fccid=a792f668ea278019&vjs=3
Non-Genuine Conversion GTM Portfolio Manager,Adobe,서울,/rc/clk?jk=f02bfcc4ccc04578&fccid=f89deb5a97c7738a&vjs=3
금융업 전사 디지털 전략(과차장급),디에스파트너즈그룹,서울,/rc/clk?jk=ec8cbf5879b9f059&fccid=ec1d0c6e548bba97&vjs=3
Territory Account Manager,f5,서울,/rc/clk?jk=d432833dc9ade564&fccid=b74955bbcc3f8c96&vjs=3
Contract Sales Specialist,Anton Paar Korea Ltd.,서울,/rc/clk?jk=410a47e312370bb9&fccid=5fbce10f0d77f778&vjs=3
Corporate Account Manager,The Estée Lauder Companies,대한민국,/rc/clk?jk=39e66d5ce2554f16&fccid=5cbdaa742f7e51f3&vjs=3
FP&A Manager( 차부장급)-외국계소비재 기업,Maverick,서울,/rc/clk?jk=871e1c44fe01a02a&fccid=8677ff2bc5c95ef0&vjs=3
Sales team leader,*회사없음*,서울,/rc/clk?jk=ae4119f5b7456ba6&fccid=5d3ed74ca4598964&vjs=3
"MDM Sales Specialist, Korea",Informatica,서울,/rc/clk?jk=8cd070b43a22c8d6&fccid=f745426798e2bad8&vjs=3
엔미디어플랫폼 플랫폼사업팀 사업담당자 인재 모집 안내,엔미디어플랫폼,성남 삼평동,/rc/clk?jk=0ce12faf84df4d4c&fccid=2cfb127a9d7ab3bc&vjs=3
Solutions Architect III - AWS Korea,Amazon Web Services Korea LLC,서울,/rc/clk?jk=3868353005280f09&fccid=fe2d21eef233e94a&vjs=3
Brand Strategist,Bytedance,서울,/rc/clk?jk=4db6ee56bf72f973&fccid=74fbc768a4e5bece&vjs=3
"Mgr, Commercial Excellence",*회사없음*,서울,/rc/clk?jk=50d0bf0c4e11356c&fccid=01c9ea880c965182&vjs=3
비즈니스 분석가(Business Analyst) 영입,카카오페이,성남 백현동,/rc/clk?jk=c2c1ab0ed507c4e2&fccid=c3aa6121be03065c&vjs=3
"Senior Executive, Connect CI CS",*회사없음*,서울,/rc/clk?jk=2d0d5aaa79207d32&fccid=683f563b5cc25b70&vjs=3
"바이럴, 온라인마케팅 외 경력 정규직",코어잡,서울 서초구,/rc/clk?jk=97f187f3c366cb59&fccid=a9bfd8bfd5beb3f3&vjs=3
Client Solutions Manager,Facebook,서울,/rc/clk?jk=24e727a0f8034e05&fccid=1639254ea84748b5&vjs=3
빅데이터 엔지니어 경력직(정규직),신한에이아이,서울 영등포구,/rc/clk?jk=59e5ed1c3c1ff691&fccid=1b0866e30930a45e&vjs=3
광고 영업 전문가 정규직,트라이어스앤컴퍼니,서울 강남구,/rc/clk?jk=20f475eec472903c&fccid=267ddeecb87ebbe5&vjs=3
Occupational Health & Safety Manager,*회사없음*,서울,/rc/clk?jk=3c40a33850abb857&fccid=de71a49b535e21cb&vjs=3
"Mgr, Marketing",*회사없음*,서울,/rc/clk?jk=3fae348fc72093a3&fccid=01c9ea880c965182&vjs=3
Account Manager,Bytedance,서울,/rc/clk?jk=25e6afaf51b8ce7a&fccid=74fbc768a4e5bece&vjs=3
디자이너/개발자,아트앤에셋,서울 종로구,/rc/clk?jk=60d4a0f6a842c172&fccid=a9a25e915af5f119&vjs=3
"Account Executive, Enterprise - Enterprise",Slack,서울,/rc/clk?jk=09bd56a8211513c1&fccid=8d0ce3817d129779&vjs=3
Senior/Marketing Manager - Korea,ResMed,서울,/rc/clk?jk=5c4ded86f6b7645a&fccid=24a3456d3ce2ad08&vjs=3
Business Development Manager,Covestro,서울,/rc/clk?jk=443311a438b5c43a&fccid=a204805f388c4ee8&vjs=3
"Mgr, Medical Affairs - Advanced Surgery",*회사없음*,서울,/rc/clk?jk=eae1d635101e2ffb&fccid=01c9ea880c965182&vjs=3
사회적경제 청년혁신활동가2차 참여자,*회사없음*,대한민국,/rc/clk?jk=7d4d6ddd4f266827&fccid=bad5147f4e9c39a8&vjs=3
Project Manager,Bytedance,서울,/rc/clk?jk=68b72858707aae8a&fccid=74fbc768a4e5bece&vjs=3
Pre-Sales Engineer,TransPerfect,서울,/rc/clk?jk=a05fefdb427988ab&fccid=9768fccc43ee5899&vjs=3
UX/UI 디자인 인턴 학/석사인턴,SSID,울산 언양읍,/rc/clk?jk=e0bbd0a91f7c0786&fccid=bf38ef17840e7d7a&vjs=3
"Manager, Talent Acquisition, Korea",*회사없음*,서울,/rc/clk?jk=81f0e7ba418c6cfb&fccid=2c62e4de04b8f952&vjs=3
TVHS & Project Sales Representative,*회사없음*,서울,/rc/clk?jk=c7a34473058087c3&fccid=3a6b309410a33a62&vjs=3
Sr. Makeup Product Manager,Chanel,서울,/rc/clk?jk=adcfd1b96e74514b&fccid=20f48cf7726b0510&vjs=3
Supervisor Internal Controls,*회사없음*,서울,/rc/clk?jk=f8dcd13eac35ed1a&fccid=4141256365dbb7d7&vjs=3
Sales Rep for E-Commerce channel,*회사없음*,서울,/rc/clk?jk=ed11cec15269db7f&fccid=595d42593839d3a2&vjs=3
"Sr. Account Executive, Large Enterprise - Large Enterprise",Slack,서울,/rc/clk?jk=7f1572da10f5135b&fccid=8d0ce3817d129779&vjs=3
모비데이즈 백엔드개발자(광고플랫폼),모비데이즈,서울 역삼동,/rc/clk?jk=80ff0147fe06dbab&fccid=c004369c09a277d7&vjs=3
모비데이즈 퍼포먼스마케터,모비데이즈,서울 역삼동,/rc/clk?jk=2171976aca6cd530&fccid=c004369c09a277d7&vjs=3
[굿윌스토어 밀알송파점] 육아휴직대체자-기획담당,Gdwill밀알스토아,서울 송파구,/rc/clk?jk=faa1e357ee7442a8&fccid=c0d179d2a907f12c&vjs=3
"Solutions Architect IV - AMAZON Web Services, Korea",Amazon Web Services Korea LLC,서울,/rc/clk?jk=4eaa3cf752e89ec7&fccid=fe2d21eef233e94a&vjs=3
[경력] Digital 경영 혁신 컨설팅 경력직 컨설턴트 - MCS2-SOC,*회사없음*,서울 강남구,/rc/clk?jk=9636394df316a27f&fccid=7651bf7c7525e8f6&vjs=3
패션홍보PR.마케팅.영업,레체 주식회사,서울 강남구,/rc/clk?jk=383cb1669512de1b&fccid=a3aa3805d401cbaa&vjs=3
"Solution Architect, Korea",Appsflyer,서울,/rc/clk?jk=aaf0239ff3cdf70c&fccid=0df2ff5b7218b5a6&vjs=3
[LINE FRIENDS] Licensing Business 담당,라인프렌즈,서울 용산구,/rc/clk?jk=2600f1049ca33348&fccid=b6f22bcb6078a2c4&vjs=3
[국내금융대기업] 머신러닝 알고리즘 개발 (과장급 이상),FN executive search,서울,/rc/clk?jk=042dbc3e588374c3&fccid=74b78e762ae2d78a&vjs=3
"Field Sales Manager, Google Cloud",*회사없음*,서울,/rc/clk?jk=054fb77e01bc6521&fccid=a5b4499d9e91a5c6&vjs=3
Sales Manager,*회사없음*,부산광역시,/rc/clk?jk=8bdc9f0a091a163a&fccid=38b4474838e7b7a1&vjs=3
영업사원,명진산업,경기도 화성,/rc/clk?jk=f3ddc7e1ad3b22f5&fccid=aed461f6aa3eb702&vjs=3
IT보안 데이터 분석 및 컨설팅(신입/경력),이너버스,서울 양평동5가,/rc/clk?jk=dc4d1a251e0d777d&fccid=51d5382429eb5a33&vjs=3
여행짐 배송 및 여행플랫폼 마케팅 부문 경력,스마일배너시스템,인천 계양구,/rc/clk?jk=4818b24b4dd9fb98&fccid=e5b03024bdb08a03&vjs=3
[대기업금융사] Data 기반 New Biz. Building 및 개발 (과장-차장급),FN executive search,서울,/rc/clk?jk=0e32866706f8e89b&fccid=74b78e762ae2d78a&vjs=3
스니커즈 브랜드 그라더스(grds) 브랜드 마케터 경력 정규직,바이오메카닉스,서울 마포구,/rc/clk?jk=658c1c448fa3e6eb&fccid=3c81b50483d76598&vjs=3
Virtual Sales Account Manager,*회사없음*,서울,/rc/clk?jk=5ae1e2f1f00af5a6&fccid=dfc44f3b8c44a6db&vjs=3
Marketing Planning Manager,*회사없음*,서울,/rc/clk?jk=91dec4994c9f2f92&fccid=0da3ed18c20a248d&vjs=3
바이와이제이 NAIN 온라인마케팅 사원/주임급,바이와이제이,서울,/rc/clk?jk=0f727a6eea8f506c&fccid=178e418d706be35a&vjs=3
온라인 MD,비투비앤씨,서울 가산동,/rc/clk?jk=33ff70b5a5004f1c&fccid=3901121207312814&vjs=3
"Head of App Store, Korea",Apple,서울,/rc/clk?jk=bc5c1b9f65c1e73a&fccid=c1099851e9794854&vjs=3
Korea Public Sector Business Operations Manager,Amazon Web Services Korea LLC,서울,/rc/clk?jk=acede72e6a1ac810&fccid=fe2d21eef233e94a&vjs=3
"Senior Digital IC Design Engineer, Pangyo",Dialog Semiconductor,대한민국,/rc/clk?jk=12c3dd973c2015c2&fccid=0dbb963973c4856c&vjs=3
Key Account Manager,RELX Group,대한민국,/rc/clk?jk=a6930d5e4a512672&fccid=06206ab329e0eb22&vjs=3
온라인MD,비투비앤씨,서울 금천구,/rc/clk?jk=a3829cc9ef59e708&fccid=3901121207312814&vjs=3
[어뮤즈트래블] 마케팅 매니저,어뮤즈트레블,서울 마포구,/rc/clk?jk=f42f503dbc8abc04&fccid=d4a77f2c4b797cbe&vjs=3
"Specialist Solutions Architect III, Analytics",Amazon Web Services Korea LLC,서울,/rc/clk?jk=604de7caa5f65310&fccid=fe2d21eef233e94a&vjs=3
후원개발 2부 퍼포먼스마케터,세이브더칠드런,서울,/rc/clk?jk=dd38a8f221976293&fccid=2ac52890b0990e0f&vjs=3
2019년 하반기 PK&WISE 신입/경력,피케이엔와이즈,서울 서초구,/rc/clk?jk=baaa07600f6dd8f0&fccid=c837ab4274442726&vjs=3
라이징팝스 디지털 PR AE 및 쇼핑몰 운영 경험자,라이징팝스,서울 강남구,/rc/clk?jk=6bae2181fe470e9f&fccid=46f7ceb459350914&vjs=3
EQUITY본부 경력직,KB증권,대한민국,/rc/clk?jk=de6034fa3ef850c8&fccid=eb5c569c3c65677c&vjs=3
"Inbound Demand Generation, Manager",Amazon Web Services Korea LLC,서울,/rc/clk?jk=194cf45a73af65de&fccid=fe2d21eef233e94a&vjs=3
Application Manager- ATE Applications,"Cohu, Inc.",경기도,/rc/clk?jk=8bdab346550775f2&fccid=6a50b8f44a5998ac&vjs=3
각 부문별 신입/경력직원 인재,펀드온라인코리아,대한민국,/rc/clk?jk=7a730622208e64b8&fccid=2e7288dfc49a3eb9&vjs=3
"Public Sector Account Executive, Government/Research",Amazon Web Services Korea LLC,서울,/rc/clk?jk=fd12362088767d39&fccid=fe2d21eef233e94a&vjs=3
경력/ 신입 마케팅 Marketing 마케터 Marketer,차케어,서울 문정동,/rc/clk?jk=47f4591cf37d434a&fccid=41d1d8fe28bf3d77&vjs=3
inside Partner Biz Manager,*회사없음*,서울,/rc/clk?jk=756a4169f08a746a&fccid=216eb700022de6f6&vjs=3
글로벌 식품기업 CRM 경력자 (CX&I Specialist) 2명,포커스에이치알,서울 서대문구,/rc/clk?jk=d970eb043bed98ed&fccid=12316240dad7ca81&vjs=3
"A&T Retail, Manager (과~차장급)",CBRE Asia Pacific,서울,/rc/clk?jk=2a59e4d7d2f56666&fccid=051dd7f74265b1c6&vjs=3
"Solutions Architect III, Gaming - AMAZON Web Services, Korea",Amazon Web Services Korea LLC,서울,/rc/clk?jk=d9970bf9497c820d&fccid=fe2d21eef233e94a&vjs=3
손해보험 업계 최고 파격 대우,해운대보험대리점,부산,/rc/clk?jk=3abb5f0680f7177c&fccid=5f7cfb9983b6c8d1&vjs=3
Senior Consumer Insights Analyst,*회사없음*,서울,/rc/clk?jk=821d2467050da22d&fccid=4141256365dbb7d7&vjs=3
"AppDynamics Senior Sales Engineer, Seoul",*회사없음*,서울,/rc/clk?jk=b0ddf23c918e8129&fccid=dfc44f3b8c44a6db&vjs=3
Principal Application Engineer - IP,Cadence Design Systems,경기도,/rc/clk?jk=ebff8a3e4fd6a4f1&fccid=391006290e845887&vjs=3
교육 컨텐츠 스타트업 퍼포먼스 마케터,그레이프 파트너즈,서울 강남구,/rc/clk?jk=fef448b2d40b7e08&fccid=e4111ad0459bc402&vjs=3
Regulatory and Science Communication Manager,*회사없음*,서울,/rc/clk?jk=6a5900e924b9396e&fccid=2da0dedf6df97194&vjs=3
Agency Partnership Manager,Bytedance,서울,/rc/clk?jk=8f6b847e044ebc2a&fccid=74fbc768a4e5bece&vjs=3
Commerical Finance 2 Manager,Clarios,서울,/rc/clk?jk=097d21644046ccba&fccid=6c2cf7dd916de331&vjs=3
RAS Power Marketing Analytics Lead for Power Generation service business,*회사없음*,서울,/rc/clk?jk=55dbae449417c19d&fccid=3b89b9ec324f96c8&vjs=3
한세엠케이 NBA & NBA KIDS 마케팅팀,한세엠케이,서울 강남구,/rc/clk?jk=93380b4f47909cc1&fccid=dd3cd7e4954ffd96&vjs=3
"Account Manager, Telecommunications and Tech",*회사없음*,서울,/rc/clk?jk=d5b712b79cf058bb&fccid=a5b4499d9e91a5c6&vjs=3
C&A & Digital Direct Sales Representative,*회사없음*,대한민국,/rc/clk?jk=e91a6e4e8e2982ad&fccid=3a6b309410a33a62&vjs=3
Cross Border Ecommerce - Business Intelligence (Based in Seoul),Shopee,서울,/rc/clk?jk=b574f1454ae36aab&fccid=0b476c4a7add47fe&vjs=3
"Sales Account Manager, Mobility and Fixed Telecom - Korea",Casa Systems Inc,서울,/rc/clk?jk=cd100ad00b34190e&fccid=5e36922d494f6aa3&vjs=3
"Marketing Manager, Korea",Appsflyer,서울,/rc/clk?jk=0e21d2edba0e6763&fccid=0df2ff5b7218b5a6&vjs=3
"Marketing Response Center Manager, Korea",Amazon Web Services Korea LLC,서울,/rc/clk?jk=6d2db526b7ed971f&fccid=fe2d21eef233e94a&vjs=3
Production Chemicals Sales Manager,*회사없음*,서울,/rc/clk?jk=9ab04087ef18f1b4&fccid=126e3afd205caa95&vjs=3
Business Marketing Manager (Respiratory Care),*회사없음*,서울,/rc/clk?jk=df03ed136e57f3b7&fccid=e4af9ca5b6d3a604&vjs=3
"Business Development, Public Sector CIC Digital Innovation Lead",Amazon Web Services Korea LLC,서울,/rc/clk?jk=c8ee4e7ced8e5ca6&fccid=fe2d21eef233e94a&vjs=3
Sr. Data Architect - Data Lakes & Analytics,Amazon Web Services Korea LLC,서울,/rc/clk?jk=39834f5337a56072&fccid=fe2d21eef233e94a&vjs=3
Principal Application Engineer - ATE Applications,"Cohu, Inc.",경기도,/rc/clk?jk=43969c22e324b50d&fccid=6a50b8f44a5998ac&vjs=3
"BASES Client Development Lead, Korea",*회사없음*,서울,/rc/clk?jk=f6cf4aa3581812e7&fccid=683f563b5cc25b70&vjs=3
Engine Technical Sales,Donaldson,서울,/rc/clk?jk=860ddee9de406cbf&fccid=9dd9bca92ec9c6f8&vjs=3
Linux Principal Presales Consultant,*회사없음*,서울,/rc/clk?jk=39cc9506b7136f6c&fccid=cd22d01053af7669&vjs=3
Partner Manager Big Data,Amazon Web Services Korea LLC,서울,/rc/clk?jk=ab6d8b06bc017143&fccid=fe2d21eef233e94a&vjs=3
Reactive Sales Executive,*회사없음*,서울,/rc/clk?jk=075694e23370eac2&fccid=d47acb5b5596d9e4&vjs=3
글로벌 식품기업 CLM (Customer Lifecycle Management) Specialist 경력자,포커스에이치알,서울 서대문구,/rc/clk?jk=1fa9049707024ac5&fccid=12316240dad7ca81&vjs=3
Senior Technical Account Specialist,Ecolab,서울,/rc/clk?jk=fb72d1584316aec9&fccid=b8df555617879658&vjs=3
외국계회사 Account Manager/Sales Manager/Technical 담당,소셜써치코리아,서울 중구,/rc/clk?jk=30acbc1e837a2706&fccid=b217be1ed6d5e3a2&vjs=3
2020년 상반기 건축설계 홍보·PR·사보 경력직,다인그룹엔지니어링건축사사무소,서울 강남구,/rc/clk?jk=4f6f7bbacb000958&fccid=a1c4ffba8478de8c&vjs=3
"Senior Manager, Connect Client Service",*회사없음*,서울,/rc/clk?jk=24a2fac71abfba4c&fccid=683f563b5cc25b70&vjs=3
"Enterprise Marketing Manager, Google Cloud",*회사없음*,서울,/rc/clk?jk=32381280e7717c37&fccid=a5b4499d9e91a5c6&vjs=3
APAC Automation Sales Development Specialist,Merck KGaA,서울,/rc/clk?jk=7b0607b0ac6eca9e&fccid=f89587519f04b5aa&vjs=3
디지털 마케터,그레이프,서울 송파구,/rc/clk?jk=6322e22ae600d542&fccid=123d65bbfdc7f444&vjs=3
SNS 광고기획 채용(경력4년 이상),나스미디어,서울 역삼동,/rc/clk?jk=f3d1b4973daf9e58&fccid=ffeb1fa02eefd475&vjs=3
[Hitachi-LG Data Storage] 해외영업 부문 경력사원,*회사없음*,서울 금천구,/rc/clk?jk=dd7d8f9f492a2ade&fccid=1c1835129b94b698&vjs=3
유쾌한 모바일게임 마케터 영입(경력),아이글라스,서울 금천구,/rc/clk?jk=4ca43bc48829a99a&fccid=522d0dd15b75daa9&vjs=3
"Data Scientist/Programmer, Advanced Analytics (외국계기업)",피플케어코리아,서울,/rc/clk?jk=0fc924230f146a77&fccid=5d6dd0617b94cf2e&vjs=3
Partner Solutions Architect III,Amazon Web Services Korea LLC,서울,/rc/clk?jk=819b129f25afd444&fccid=fe2d21eef233e94a&vjs=3
"Business Development Manager, AWS Managed Services",Amazon Web Services Korea LLC,서울,/rc/clk?jk=9795aa209bbdfe3b&fccid=fe2d21eef233e94a&vjs=3
서비스기획자 (스마트프런트팀),야놀자,서울 강남구,/rc/clk?jk=beeb1d66a7625972&fccid=73fe623ec23ed0a5&vjs=3
사무실 행정 회계 관리 업무 직원,미산알앤씨,서울 양천구,/rc/clk?jk=b26c6b2a16d1efed&fccid=9227548471d53628&vjs=3
부광컨설팅 신입사원,부광컨설팅,경기도 화성,/rc/clk?jk=b8a049c311e17850&fccid=fdfa1b8b4e164fce&vjs=3
AWS International Tax Senior Manager,Amazon Web Services Korea LLC,서울,/rc/clk?jk=596e7c31c4604fdd&fccid=fe2d21eef233e94a&vjs=3
Product Design Lead (Product UX),*회사없음*,서울,/rc/clk?jk=9dd0fa2bcf91e7ef&fccid=56e12959d04ef145&vjs=3
APP/웹 콘텐츠 기획자,아트앤에셋,서울 종로구,/rc/clk?jk=50a46393f706d73c&fccid=a9a25e915af5f119&vjs=3
"Manager, Marketing Effectiveness",*회사없음*,서울,/rc/clk?jk=956a146e680b785e&fccid=683f563b5cc25b70&vjs=3
[셀트리온스킨큐어] 본사 V-커머스 사무보조 직원 (SNS 운영 보조),셀트리온스킨큐어,서울 서초구,/rc/clk?jk=4e0c2a6afaaf7398&fccid=1d39962c0c6d85ce&vjs=3
사우스케이프,사우스케이프,서울,/rc/clk?jk=4e7a788dc553ea66&fccid=e92cb45cfefa8f0d&vjs=3
오프라인 포스솔루션 개발 함께할 창업멤버,그로잉컴퍼니,대한민국,/rc/clk?jk=9b1648a99b8b15cd&fccid=b6adc80fcfb781be&vjs=3
[(주)엔실] 패션섬유원단 마케팅전략·기획/CRM/광고 경력사원,엔실,서울 강남구,/rc/clk?jk=cfe0ea93d559104e&fccid=d899dc8768ba0e83&vjs=3
[국내TOP신용카드회사] 신용대출 상품 디지털서비스기획,FN executive search,서울,/rc/clk?jk=8f64d34ffb41d0c1&fccid=74b78e762ae2d78a&vjs=3
[ADOP/청년친화강소] Sales & Partner Manager,애드오피,서울 강남구,/rc/clk?jk=468086bcd140d5b7&fccid=b4b56d9dc5905109&vjs=3
온라인 마케터 경력직,프린토스,경기도 파주,/rc/clk?jk=e4ce2991fa28f788&fccid=a7d89a8b563d7760&vjs=3
프랜차이즈 제휴 영업담당자 (신입/경력3년이하),우아한 형제들,서울 송파구,/rc/clk?jk=9ed9fcee93dfcc62&fccid=d6ffeb3b4e007b90&vjs=3
"브랜드 마케터(경력 5년 이상, 팀장급)",넥스트매치,서울 서초구,/rc/clk?jk=552b3489114cb262&fccid=0b152083910fa16b&vjs=3
"[해외취업] 싱가포르, House Of Amber Nectar, Marketing Executive",House Of Amber Nectar,대한민국,/rc/clk?jk=e83a306f8f562908&fccid=87143a325735241c&vjs=3
[해외취업] 디지털 마케터 주식회사 어센트네트웍스,Ascent Networks,대한민국,/rc/clk?jk=3aafe76e9758aa52&fccid=f29fa2625d22fabe&vjs=3
"Partner Solutions Architect III, Analytics Specialist",Amazon Web Services Korea LLC,서울,/rc/clk?jk=7a837beac7ac8bcd&fccid=fe2d21eef233e94a&vjs=3
영업관리 사무원 채용,SM케미칼,경기도 이천,/rc/clk?jk=46e3a7c920565b8c&fccid=77799a350f8e13a2&vjs=3
KTB투자증권 리테일본부 영업추진팀 인턴,케이티비투자증권,대한민국,/rc/clk?jk=4607989918c584cf&fccid=62f03c1377c5d396&vjs=3
"Associate Sales Engineer, WU 1",Grundfos,경기도,/rc/clk?jk=698007ec2e1f6fec&fccid=c12d9bce66a866f6&vjs=3
Head of Commercial Marketing - Lab Separation & Workflow Solutions,Merck KGaA,서울,/rc/clk?jk=60461af209cad207&fccid=f89587519f04b5aa&vjs=3
2018 시지온 B2B/B2C 마케터,시지온,서울 동교동,/rc/clk?jk=60ba28b0e72e0d74&fccid=cb62d3ee502a9b7f&vjs=3
"Account Manager, Amazon Global Selling Korea",Amazon Services Korea LLC,서울,/rc/clk?jk=7370b67cbff6025d&fccid=fe2d21eef233e94a&vjs=3
"Account Executive, Amazon Global Selling Korea",Amazon Services Korea LLC,서울,/rc/clk?jk=d423a77898d2d6e6&fccid=fe2d21eef233e94a&vjs=3
"Business Operations Manager - Amazon Web Services, Korea",Amazon Web Services Korea LLC,서울,/rc/clk?jk=bfb05d8d36cce16f&fccid=fe2d21eef233e94a&vjs=3
Technical Sales/Pre-Sales Solutions Consultant - South Korea,Qualtrics,서울,/rc/clk?jk=1c6074948f6023ca&fccid=10db9f943841d5db&vjs=3
Senior Manager KAT,ASM,대한민국,/rc/clk?jk=b254b0a5f039423b&fccid=2f78c666a1ead0f5&vjs=3
"MS&I Manager, Sparkling & Marketing Science",The Coca-Cola Company,서울,/rc/clk?jk=16f92a3176dd5e4e&fccid=2e853071bb3920b6&vjs=3
Ecommerce Key Account Manager,LEGO,서울 강남구,/rc/clk?jk=023f99d4bf0cf583&fccid=7ffb2f076144ee5d&vjs=3
"Account Manager, Laboratory Chemicals Division (LCD)",*회사없음*,서울,/rc/clk?jk=96e918d6491efb91&fccid=126e3afd205caa95&vjs=3
Internet Project Producer / Online Marketer: UBLov,UBGlobal Inc.,서울,/rc/clk?jk=32883e8cd7d8828e&fccid=047ec090bd0cb2da&vjs=3
외국계회사 Sales Operations Admin,글로벌 이미징 솔루션 회사,서울 강남구,/rc/clk?jk=1278a7526e588bf9&fccid=2ef6c53095b13936&vjs=3
(주)우리요 마케팅팀,우리요,전주 완산구,/rc/clk?jk=62d4e36c527514f2&fccid=b32458f049187eac&vjs=3
[베네통코리아] E-commerce UI/UX 기획 및 운영담당 정규직,베네통코리아,서울 서초구,/rc/clk?jk=792bfcb5271ce77a&fccid=e47eb7d0ad489d70&vjs=3
[화장품자사몰운영관리]3년차이상 경력직(서울 중견제약사),벤텍앤컴퍼니,서울 동대문구,/rc/clk?jk=cc77cda2f92cfd01&fccid=ce070d0f54f70f0d&vjs=3
"Senior Manager, Digital CS",*회사없음*,서울,/rc/clk?jk=15eb7211f49a4467&fccid=683f563b5cc25b70&vjs=3
Sr. Business Development Manager - Machine Learning Acceleration,Amazon Web Services Korea LLC,서울,/rc/clk?jk=b2837a845fb29a63&fccid=fe2d21eef233e94a&vjs=3
[해외취업] B2C영업직,글로벌트러스트네트웍스코리아,대한민국,/rc/clk?jk=d6ef7b09bd61e892&fccid=f981845d59202714&vjs=3
전반적인 디자인 업무 가능하신분 구인,태건시스템,인천 도화동,/rc/clk?jk=c94e8b90f823e544&fccid=b18888cd46824574&vjs=3
SLOW STEADY CLUB 온라인MD,베네데프 이노베이션즈,서울 금천구,/rc/clk?jk=87f7ebab7ecf60ba&fccid=3f7126fd4cdad4bc&vjs=3
[기본급 300만원 차등지급] 부동산 일배우며 일할 신입,한빛도시애,서울 강남구,/rc/clk?jk=965cb8bbac82094e&fccid=a90999e4a5817a15&vjs=3
"[신입/경력] 오프라인사업부 영업팀 및 MD(기획)팀 , ..",라튜오인터내셔널,서울 성동구,/rc/clk?jk=66c9f38761ece564&fccid=9edb9b2c09f615c9&vjs=3
"다양한 온라인 마케팅 활동을 통한 장기렌터카 가망 계약 고객 신규 획득 - 마케팅 채널 개발 및 운영 - 채널 별 특성에 맞는 운영안 기획 - 광고 소재 기획 및 최적화 - 데이터 기반의 마케팅 효율 분석 및 기획, 실행, 프로세스 최적화 - 마케팅 예산 설정 및 집행, 성과분석",롯데렌탈,서울 선릉역,/rc/clk?jk=0994e3b14b6c092c&fccid=4a40694c7a501d5a&vjs=3
마케팅 리더,Feelway,서울,/rc/clk?jk=efc52b2bfe927ebc&fccid=01b9ffa90acc5e30&vjs=3
온라인 장기렌터카 계약 플랫폼(신차장 다이렉트)에 방문한 고객을 대상 마케팅 기획/실행 - 인입 고객 이용행태 분석 - 데이터 분석을 통한 개인화 타겟 마케팅 시나리오 설계 - 고객지표관리 및 지표향상을 위한 프로모션 및 이벤트 기획/운영 - 푸쉬 마케팅 채널 서비스 운영,롯데렌탈,서울 선릉역,/rc/clk?jk=2a50cc03dfec61c1&fccid=4a40694c7a501d5a&vjs=3
Application Engineer/ Field Application Engineer,Advantech,서울,/rc/clk?jk=621ae2790a5c45b5&fccid=36dabe1016fe6813&vjs=3
국내 패션 대기업 온라인 마케팅 포지션(5~13년차)ASAP,국내 패션 대기업,서울 강남구,/company/%EB%8D%94-%ED%9C%B4%EB%A8%BC/jobs/%EC%98%A8%EB%9D%BC%EC%9D%B8-%EB%A7%88%EC%BC%80%ED%8C%85-%ED%8F%AC%EC%A7%80%EC%85%98-Asap-1e33f30fe6ea0d30?fccid=3cfe13845f73c09f&vjs=3
데이터 분석을 통한 마케팅 전략 담당자(대리과장급),국내 대기업 계열사,서울,/company/HR-Korea/jobs/%EB%8D%B0%EC%9D%B4%ED%84%B0-%EB%B6%84%EC%84%9D%EC%9D%84-%ED%86%B5%ED%95%9C-%EB%A7%88%EC%BC%80%ED%8C%85-%EC%A0%84%EB%9E%B5-%EB%8B%B4%EB%8B%B9%EC%9E%90-20b8fe916f48dc9e?fccid=de67c82a6296bc29&vjs=3
Digital Fundraising Officer(정규직),국경없는 의사회,서울,/company/%EA%B5%AD%EA%B2%BD%EC%97%86%EB%8A%94-%EC%9D%98%EC%82%AC%ED%9A%8C/jobs/Digital-Fundraising-Officer-ea543eeb71b7d43c?fccid=e589c6d0b3fc1648&vjs=3
고객경험 표준 기획 및 전략 수립,*회사없음*,대한민국,/rc/clk?jk=39c7b3561c6dbac0&fccid=980d6ecc399a3373&vjs=3
[수시] ESTsecurity 보안제품 B2C 마케팅(경력),이스트소프트,서울 서초구,/company/(%EC%A3%BC)%EC%9D%B4%EC%8A%A4%ED%8A%B8%EC%86%8C%ED%94%84%ED%8A%B8/jobs/-e8b4a8f9e9951eb5?fccid=3dacc9a31f0c8d34&vjs=3
국내 CRM 분석,인코리아 프로페셔널(헤드헌팅),서울 강남구,/company/%EC%9D%B8%EC%BD%94%EB%A6%AC%EC%95%84%ED%94%84%EB%A1%9C%ED%8E%98%EC%85%94%EB%84%90/jobs/%EA%B5%AD%EB%82%B4-Crm-%EB%B6%84%EC%84%9D-5f38a43d8ddd4977?fccid=842365965c1f45a0&vjs=3
Digital Fundraising Officer,국경없는 의사회,서울,/company/%EA%B5%AD%EA%B2%BD%EC%97%86%EB%8A%94-%EC%9D%98%EC%82%AC%ED%9A%8C/jobs/Digital-Fundraising-Officer-40d3534fd7f87cb5?fccid=e589c6d0b3fc1648&vjs=3
IT산업,HR4U,서울 구로구,/company/HR4U/jobs/It%EC%82%B0%EC%97%85-a37f0c209e69d971?fccid=f50a3bbc2f889005&vjs=3
[모바일사업그룹] 마케팅 분석 담당자,와이디온라인,서울 강남구,/rc/clk?jk=72f67ec3bd9cb0ad&fccid=9dee8d96976f1864&vjs=3
리딩ICT기업 SCM(수요관리)컨설턴트 포지션 (5년 이상~)ASAP,국내 TOP-TIER 리딩ICT 솔루션 기업,서울,/company/%EB%8D%94-%ED%9C%B4%EB%A8%BC/jobs/%EB%A6%AC%EB%94%A9ict%EA%B8%B0%EC%97%85-Scm-Asap-117cf7d848208b38?fccid=3cfe13845f73c09f&vjs=3
[수시] ESTsecurity Mobile/SW/Web 제품/서비스 기획자 채용(신입/경력),이스트시큐리티,서울 서초구,/company/(%EC%A3%BC)%EC%9D%B4%EC%8A%A4%ED%8A%B8%EC%86%8C%ED%94%84%ED%8A%B8/jobs/-c6924b7206320ebf?fccid=3dacc9a31f0c8d34&vjs=3
게임 퍼포먼스 마케터(글로벌),코스닥 유명 게임기업,서울 강남구,/company/%ED%94%84%EB%A1%9C%EB%A7%A4%EC%B9%98%EC%BD%94%EB%A6%AC%EC%95%84/jobs/%EA%B2%8C%EC%9E%84-%ED%8D%BC%ED%8F%AC%EB%A8%BC%EC%8A%A4-%EB%A7%88%EC%BC%80%ED%84%B0-05eeff46029d47ce?fccid=72cf717e3fd0d489&vjs=3
Public Policy Manager,Airbnb,서울,/rc/clk?jk=033fcd6537eb8729&fccid=95a08f6a451ba57f&vjs=3
사업 개발 관리자-인공 지능,Xecced Ventures,서울,/company/Xecced-Ventures/jobs/%EC%82%AC%EC%97%85-%EA%B0%9C%EB%B0%9C-%EA%B4%80%EB%A6%AC%EC%9E%90-%EC%9D%B8%EA%B3%B5-%EC%A7%80%EB%8A%A5-1b8a18f9fd32339e?fccid=87a80fb305a99e00&vjs=3
크리에이티브 마케터(게임),코스닥 유명 게임기업,서울 강남구,/company/%ED%94%84%EB%A1%9C%EB%A7%A4%EC%B9%98%EC%BD%94%EB%A6%AC%EC%95%84/jobs/%ED%81%AC%EB%A6%AC%EC%97%90%EC%9D%B4%ED%8B%B0%EB%B8%8C-%EB%A7%88%EC%BC%80%ED%84%B0-8c5d77bcd53a216a?fccid=72cf717e3fd0d489&vjs=3
브랜드 마케터,grds,서울 마포구,/company/grds/jobs/%EB%B8%8C%EB%9E%9C%EB%93%9C-%EB%A7%88%EC%BC%80%ED%84%B0-a168beec3dd06bc1?fccid=3a2590dec1e8f96b&vjs=3
"Sr. Manager, Site Merchandising",*회사없음*,서울,/rc/clk?jk=02a5fcaa468c1651&fccid=56e12959d04ef145&vjs=3
Sr. Content Strategist (DSBX),*회사없음*,서울,/rc/clk?jk=cbe9091e9b75501e&fccid=56e12959d04ef145&vjs=3
Senior Marketing Specialist (Coupang Eats),*회사없음*,서울,/rc/clk?jk=7c7798fd696a181c&fccid=56e12959d04ef145&vjs=3
Sr. Site Merchandiser,*회사없음*,서울,/rc/clk?jk=df93f2b4db5d139d&fccid=56e12959d04ef145&vjs=3
"컨설팅회사 분야별(PMO,PI,ISP, Data Analytics등)컨설턴트 포지션 asap",글로벌 메이저 컨설팅회사,서울 여의도역,/company/%EB%8D%94-%ED%9C%B4%EB%A8%BC/jobs/%EC%BB%A8%EC%84%A4%ED%8C%85-%EB%B6%84%EC%95%BC%EB%B3%84-%EC%BB%A8%EC%84%A4%ED%84%B4%ED%8A%B8-%ED%8F%AC%EC%A7%80%EC%85%98-Asap-25432db13648cddc?fccid=3cfe13845f73c09f&vjs=3
미래 경영자 과정 특별 채용 (Coupang Business Leadership Program),*회사없음*,서울,/rc/clk?jk=0f3efe5e226ed74b&fccid=56e12959d04ef145&vjs=3
Front-end Software Engineer,"Moloco, Inc.",서울,/rc/clk?jk=27d7a3fd5164f3a1&fccid=7cbdd150bffe93e0&vjs=3
Business Development (Coupang Eats),*회사없음*,서울,/rc/clk?jk=42c8ada0748e9e03&fccid=56e12959d04ef145&vjs=3
Key Account Manager - Korea,Vonage,서울,/rc/clk?jk=b6de977a5ddfad4f&fccid=9ae5a27119edd141&vjs=3
"Technical Design Architect, South Korea",Pure Storage,서울,/rc/clk?jk=1124955926b2559b&fccid=696179184f6eec49&vjs=3
교육 컨텐츠 스타트업 퍼포먼스 마케터,교육 컨텐츠 스타트업,서울 강남구,/company/%EB%8C%80%EA%B8%B0%EC%97%85%EA%B3%84%EC%97%B4%EC%82%AC-%EA%B4%91%EA%B3%A0%EB%8C%80%ED%96%89%EC%82%AC-%EB%91%90%EB%B0%94%EC%9D%B4-%EA%B7%BC%EB%AC%B4%EC%9E%90/jobs/-a645a1ef5cc3174d?fccid=4b96b85911742688&vjs=3
"Marketing Specialist, Korea",Appier,서울,/rc/clk?jk=6fca03d22a60d874&fccid=1f7225a208bc3f93&vjs=3
Performance Marketing Manager,"Miso, inc",서울,/rc/clk?jk=f8e425d43a894df8&fccid=c7bb994bc724ab18&vjs=3
Sales Manager (Korea),Mistplay,서울,/company/Mistplay/jobs/Sales-Manager-9784219f0ef4f20b?fccid=0df7d31d238863fe&vjs=3
게임 이코노미 / Game Economy,Bagelcode,서울,/rc/clk?jk=f35c46a803d8d72d&fccid=8c89847134f99feb&vjs=3
Senior Sales Manager,iClick Interactive Asia Limited,서울,/rc/clk?jk=d6213dd4d7654b1c&fccid=d27b636c66b7e56b&vjs=3
서울앱창업센터 입주개발자,*회사없음*,대한민국,/rc/clk?jk=9fb9fb6f31cad13a&fccid=bad5147f4e9c39a8&vjs=3
Senior Manager of Business Development,Xsolla,서울 강남구,/rc/clk?jk=a2dcb9e5b28cbb7d&fccid=3571128c84651b42&vjs=3
"Account Manager, South Korea",Appier,서울,/rc/clk?jk=e0f03f52557259cb&fccid=1f7225a208bc3f93&vjs=3
VOC Manager,"Miso, inc",서울,/rc/clk?jk=be37a257dbaa7e8c&fccid=c7bb994bc724ab18&vjs=3
디지털마케팅본부 수신상품 기획 및 전략수립 경력자,국내자본 저축은행,서울,/rc/clk?jk=509e7ab10e54f962&fccid=b8ffa8936fc04868&vjs=3
저축은행 다이랙트마케팅팀 데이터분석,국내자본 저축은행,서울 구로구,/rc/clk?jk=79da9b878d3d8709&fccid=b8ffa8936fc04868&vjs=3
Account Coordinator,The Trade Desk,서울,/rc/clk?jk=ce5cd58a17147324&fccid=4899a85209d20142&vjs=3
"Operations Manager, Customer Experience","Miso, inc",서울,/rc/clk?jk=4240d019d58d7ad2&fccid=c7bb994bc724ab18&vjs=3
"Principal, Business Analysis (Advertising) [데이터분석(광고)]",*회사없음*,서울,/rc/clk?jk=e9fb9643a3bcb30f&fccid=56e12959d04ef145&vjs=3
"Senior, Financial Planning & Analyst (eCommerce Finance)",*회사없음*,서울,/rc/clk?jk=9cd71daa55d724ce&fccid=56e12959d04ef145&vjs=3
SEM Specialist,Asiance,서울,/rc/clk?jk=edce6c98626aee00&fccid=6b162f15e5951d5d&vjs=3
프로모션 담당_정규직,한국컴패션,서울 용산구,/rc/clk?jk=799fc8e38b47ccaa&fccid=4b98312e8c99bf18&vjs=3
Senior Marketing Manager - APAC,SendBird,서울,/rc/clk?jk=57778744593c25b3&fccid=9ba9500ecf2596c5&vjs=3
"Manager of Presales, Korea",Appier,서울,/rc/clk?jk=14723171fec3fae5&fccid=1f7225a208bc3f93&vjs=3
"Director, Growth Marketing",*회사없음*,서울,/rc/clk?jk=a18a30dac96ecb35&fccid=56e12959d04ef145&vjs=3
Senior Strategy Manager,Essence,서울,/rc/clk?jk=510174bcc46bb70b&fccid=26865d82c27c8d42&vjs=3
Manager of Partnership,Appier,서울,/rc/clk?jk=c95aabda306eca12&fccid=1f7225a208bc3f93&vjs=3
Sales Director,VICE Global,서울,/rc/clk?jk=09a7d31c6851d763&fccid=7f5135ad5b2f5b3a&vjs=3
Growth Hacker (개발자),"Miso, inc",서울,/rc/clk?jk=8eff73ee7b2122e4&fccid=c7bb994bc724ab18&vjs=3
웹 프로젝트 매니저(웹PM),Datawords,서울,/rc/clk?jk=efb1e4e5573a9d07&fccid=270f672cfa2c5d76&vjs=3
웹 디자이너(Junior Web Designer),Datawords,서울,/rc/clk?jk=5002de5bf1e83ea2&fccid=270f672cfa2c5d76&vjs=3
칸타 코리아 경력 / 신입 연구원,TNS 코리아,서울 영등포구,/rc/clk?jk=f199d321771aa103&fccid=6a8566b958a46d21&vjs=3
Kakao Specialist / Digital Marketing Specialist,Asiance,서울,/rc/clk?jk=67f3948e64afbc96&fccid=6b162f15e5951d5d&vjs=3
"Operations Manager, Moving","Miso, inc",서울,/rc/clk?jk=734f63b0a39017d7&fccid=c7bb994bc724ab18&vjs=3
마케팅 실장급,"모바일식권, 기업 식대관리 솔루션",서울 강남구,/rc/clk?jk=8ebfd68eb1f13b67&fccid=291c40cc88cda395&vjs=3
분석 & 이코노미 팀장 / Analytics & Economy Team Lead,Bagelcode,서울,/rc/clk?jk=96aac41bdafc1b3e&fccid=8c89847134f99feb&vjs=3
Senior Account Manager (Team Leader),The Trade Desk,서울,/rc/clk?jk=47c8a74830526113&fccid=4899a85209d20142&vjs=3
CRM팀 온라인 마케팅,소비자금융업체,서울 구로구,/rc/clk?jk=ee2df1421467f357&fccid=ac6456f4a655fb42&vjs=3
저축은행 디지털뱅킹팀 데이터분석 경력,국내자본 저축은행,서울 구로구,/rc/clk?jk=53ced11b1e0addce&fccid=b8ffa8936fc04868&vjs=3
저축은행 수신기획,국내자본 저축은행,대한민국,/rc/clk?jk=cbfdd6ab1e82d69b&fccid=b8ffa8936fc04868&vjs=3
Principal Business Analysis (Growth Marketing Analytics),*회사없음*,서울,/rc/clk?jk=2b8a63d6cc91a04c&fccid=56e12959d04ef145&vjs=3
"Account Manager, Deep Cleaning","Miso, inc",서울,/rc/clk?jk=60fdb96193c92095&fccid=c7bb994bc724ab18&vjs=3
Operations Associate (운영팀원) - 한국,Beam,서울,/rc/clk?jk=e58c6fe6fd87f03e&fccid=e7e58fbff0c71b74&vjs=3
저축은행 디지털뱅킹팀 디지털 플랫폼 구축 기획,국내자본 저축은행,서울 구로구,/rc/clk?jk=a1790724b5cd2913&fccid=b8ffa8936fc04868&vjs=3
마케팅팀 팀장,사무기기 등 임대업체,서울 구로구,/rc/clk?jk=28f02e9858be0db2&fccid=f002952ae28c8dd6&vjs=3
저축은행 다이렉트마케팅팀 대리급,국내자본 저축은행,대한민국,/rc/clk?jk=5d52ca1e75dc3e16&fccid=b8ffa8936fc04868&vjs=3
PM(Product Manager),유명메신저회사,서울 성동구,/rc/clk?jk=2d7f40d35de29188&fccid=86148274d7d5322d&vjs=3
저축은행 앱마케팅팀,국내자본 저축은행,서울 구로구,/rc/clk?jk=35cefd4d91c7b366&fccid=b8ffa8936fc04868&vjs=3
영업 전략 책임자(팀장급),"모바일식권, 기업 식대관리 솔루션",서울 강남구,/rc/clk?jk=e46de1d76ed01dcb&fccid=291c40cc88cda395&vjs=3
스토어MD,교육용 모바일앱 개발 및 서비스,서울,/rc/clk?jk=fbdacdf10221e182&fccid=528976f8d4ccc99a&vjs=3
사업기획 담당,에너지 거래소 및 에너지데이터 중개,서울,/rc/clk?jk=93c0cd9f364e4408&fccid=4e1e987c1e1e984d&vjs=3
"Manager of Enterprise Solution Sales, Korea",Appier,서울,/rc/clk?jk=2219ee1ed5dd0fea&fccid=1f7225a208bc3f93&vjs=3
Account Director - Digital,ForwardPMX,서울,/rc/clk?jk=01eac41b3ac55850&fccid=854b9173721c5cce&vjs=3
Performance Marketing Analyst/Manager,ForwardPMX,서울,/rc/clk?jk=cd7823d5b54f2750&fccid=854b9173721c5cce&vjs=3
