title,user,content
과거에서 온 한 남자입니다.,smc7****,"지금은 2015년 8월 14일. 내일은 광복절이죠.이영화가 나올때는 딱 고3 이네요. 아마 그때 다시 이글을 읽으며 이불킥하겠죠?이 영화를 볼수 있을지나 모르겠네요. 수능 공부하다, 사고나거나, 정은이 때매 세계전쟁이 일어나 대한민국이 ..."
"타노스, 당신을 또 잊지 않겠습니다.",mdzw****,이 영화는 아벤져수인지 어벤져스인지 하는 미제앞잡이 벌레 무리들에 대한 영화가 아닌우주를 진정으로 사랑하는 마음씨와 노블리스 오블리쥬의 정신을 가진 퓨어블러드 타노스가선지자의 깨우침을 알지 못 한 우매하고 멍청한 어벤져스...
(2회차 관람 후 추가)어벤져스 엔드게임이 졸작인 이유. 나의 1년의 기다림을 망침.,artw****,<!장문주의!스포일러!> 어제 용산 아이맥스로 2회차 관람하고 왔습니다. 역시 영화는 두 번 보면 다른 점도 보이네요. 결론적으로 별점부터 수정합니다. 2점 더 주고 4점 가겠습니다. 많은 댓글에서 속이 꼬였다고 하시는 분들도 많...
참나 네이버 일 똑바로 안하네여,tkeh****,"팬들도 많고 관심도 많이 쏠리는 영환데가장 중요한 영화제목도 제대로 못 올리네요여러분 어벤져스4 정식 명칭은 ""가망없음""입니다.네이버는 빠른 정정 부탁드립니다.-----------------------------------------------------------------..."
데드풀이 어떻게 욕해줄지 기대되는 영화: 오랜 팬에게 선사한 최고의 기만,frit****,"데드풀이 어떻게 욕해줄지 기대되는 영화:오랜 팬에게 선사한 최고의 기만 ""어벤져스: 엔드게임(2019)""<엔드게임>을 포함한 대부분의 MCU 영화의 스포일러를 포함하고 있습니다.나는 <아이언 맨 1>로 MCU를 좋아하게 되었다...."
어벤져스: 엔드게임 진솔한 후기(대량 스포 있음 영화를 보지 않으신 분은 보지마세요).,redg****,어벤져스: 엔드게임 진솔한 후기(대량 스포 있음 영화를 보지 않으신 분은 보지마세요.)영화 내용? 너무 재미있다 근데 왜 1점이냐고?'기대와 설렘이 없다.'내 인생에서 두번째로 재미있는 영화는 인피니티 워였다. 영화관에서 4번 인터넷...
"10년동안 쌓은 금자탑을 한방에 무너뜨린 졸작(설정붕, 벨붕, 스토리붕)",babo****," 엔드게임을 너무 기대하고 관람해서일까,, 마블영화를 지금까지 봐오면서이렇게 개연성이 없는 스토리가 낭자하고, 캐릭터 밸런스, 설정 붕괴가 심한 졸작은 처음이었다.영화에 나온 내용을 기초하여 어떤 부분이 영화를 졸작으로 만들었..."
[어벤져스 : 엔드게임] 기대치에는 못 미치네,humn****,[스포일러]썩 괜찮지만 그렇게까지 열광할만한 영화인지는 모르겠습니다. 특히 루소 형제의 MCU영화중에선 가장 아쉬운 영화였던것같습니다. 일단 MCU를 일단락짓는 영화로서의 역할은 독톡히 해내고 있습니다.히어로 외에도 정말 많은 조...
과거에서 왔습니다:) 기대합니다!,s220****," 4일 뒤 캡틴 아메리카:시빌 워가 개봉을 하는데요, 이 이후로 히어로들 사이가 어떻게 변하고 또 스토리가 어떻게 전개가 될 지 모르겠네요 ㅎㅎ 아무튼 타노스성님이 울트론처럼 극강너프를 먹거나 그냥 멍청한 보라돌이 괴물이 되지 않..."
어벤져스: 엔드게임 _ 우리 세대의 saga.(스포없음),full****,"영화를 보고나서 글을 쓰는게 정상적이지만, 이 영화는 그 기대감자체가 너무나도 크기에 이렇게 영화를 보기 전부터 적는다. 지난 10년간, 수 많은 영화들을 하나로 묶어낸 마블은 그 안에서도 다양한 변주를 해왔다. 개그감이 가미된 히..."
내가 여태까지 본 영화중에 가장 멋진 액션이고 가장 슬픈 영화였다.,n970****,.영화 제작진분들에게 정말 감사하다나에게 이런 멋진영화를 보여주게하고 이런 완벽한 영화를 선물해준거에 정말 감사하다..영화를보는내내 1초라도 놓칠 장면이 없을정도로 완벽한 퀄리티고 내가 어벤져스를보면서 눈물을 흘릴뻔했다는...
스포) 마지막 30분을 위한 개연성 없는 팬서비스 영화,kija****,"솔직히 이런 슈퍼 히어로 물 오락 영화에서개연성 따지기 시작하면 끝이 없기는 한데,이건 그래도 너무 선이 넘었음.솔직히 재밌다 재미없다는 사람의 호불호 영역이니 다 집어치우고백번 양보해도 이해할 수 없는 스토리 부분이 존재함.-..."
어벤져스2 엔딩크레딧에 나온 타노스와 인피니티 건틀릿,tkfd****,"어벤져스1편 그리고 갤럭시 오브 가디언즈에 보면 나오는 타노스입니다.어벤져스1에서는 엔딩크레딧에 나와서 얘는 누구인가 하는 궁금증을 유발하게 됩니다.타노스, 일명 타농부는 최강 최악의 적이지만아마 영화에서는 다소 약화된 모습..."
"어벤져스:엔드게임 - 평행세계와 의문점 및 궁금점, 기타등등",inte****,<br>양자역학...타임패러독스...평행세계...멀티유니버스...간단히 그림 표로 요약한 부분은 아래의 주소에서 확인https://blog.naver.com/intellectuel/221523889597[평행세계 정리]어벤져스 팀들이 간 과거가 각각 다른 세계입니...
★★스포★★소소한 어벤져스 엔드게임 주저리 분석,qkel****,"★★★★★스포주의★★★★★""I AM IRON MAN""0. 자금난에 허덕였던 마블을 전세계에 쩌렁쩌렁 알린              <아이언맨>그 시작의 마무리도 역시 <아이언맨>으로 끝낸 마블..1. 초반 5년만에 양자영역에서 빠져나온 엔트..."
ㅋㅋㅋㅋ후반빼고 줫노잼ㅋ,stua****, 인피니티워는 폭풍 몰아치듯강강강강이었는데엔드 게임은 약강약강 이었다초반에는 특히 조오토 루즈하다게다가 설정상 오류가 너무많다애초에 감독이 다르면 모르겠는데마이크를 몇번이나 잡은 루소형제들인데각본이 왜이런지 참;은퇴때...
어벤져스 엔드게임 보고난 후 리뷰 ㅋㅋㅋㅋㅋㅋㅋㅋㅋㅋㅋㅋㅋ,aym9****,"조조로봤다. 한번 끄적여본다1.5년전에 손가락튕기고 반죽고, 다시 손가락튕기고 다시살려냈는데, 그만큼 시간이지났는데 스파이더맨 친구 돼지새끼는왜 그대로고 앤트맨딸은 ㅅㅂ 폭풍성장했냐? 이번에 스파영화개봉 예고편 보면 ㅅㅂ 다..."
후기-(스포주의) 절대 인피니티워를 기대하고 보지 마세요.,ohij****," 인피니티워를 기대하고 영화관을 찾으신다면 실망하실 겁니다.... 물론 마블 영화답게 중간중간 유머들은 정말 재밌었고, 시간여행이라는 소재를 이용해 그동안의 마블 영화들의 주요장면들을 되돌아보는 시간을 가졌다는 건 마블 팬들에..."
"재미는 있었지만, 따지고 보면 엉성한 영화: 아쉬웠던 점들.",tmdg****,"1. 지루한 초반 전개영화 초반은 인피니티 워 이후, 패배감과 상실감에 찌들어가는 히어로들의 모습을 보여줬다.히어로들의 이런 인적인 모습을 보여주는 것은 좋았으나,히어로들 한명한명의 괴로움을 굳이 일일이 열거해서 보여주다 보니..."
아주 짧게 엔드게임 정리해준다.,natt****,마치 손오공과 마인부우의 대결을 예고편에서 기대 존나 만빵채우게 해놓고결국은 드래곤볼로 용신살려서 손오공 존나 줘터지던거 체력채워서마인부우 이기고 폼잡고 끝내는 영화다. 스토리가 존나 잘 짜여진것도 아니고과거로 가서 미래...
어벤저스 엔드 게임이 주는 위화감에 대해.,blue****,이 영화가 이상하다는 기분이 들었다.의도는 알겠는데 뭔가 납득이 안 되는 느낌? 생각해보니 그건 인피니티 워와 엔드 게임 사이의 괴리감 때문에 그런 거더라.인피니티 워의 주인공은 영웅들이 아니라 타노스다. 타노스는 공리주의적 사...
마블의 정점은 끝났다,kidc****, 잘 만든 영화는 맞다.근데 재미는 없다.영화가 끝나고 나서 딱 생각난 영화는 레디 플레이어 원 가장 감동적이고 멋져야 하는 장면에서 레디 플레이어 원 그때 알았다 아~~ 이거 추억 팔이 영화 구나그런데 레디 플레이어 원 이걸 넘어서...
어벤져스:엔드게임에서 앞으로 등장 할 빌런or히어로가 예고되었다?,oham****,앤드게임 이후 나올 빌런or히어로가 앤드게임에 예고되었다?지금 어벤져스:앤드게임(이하 앤드게임)은 개봉 영화중 제일 핫하죠?그리고 앤드게임을 보고 나오신 분들은 재미와 감동을 한껏 느낌과 동시에이후 마블영화의 행보에 상당한 궁...
"어벤져스 그리고 마블 긴여정의 쉼표,",hyan****, 2008년 아이언맨으로 시작한 MCU(Marvel Cinematic Universe)의 10년이 끝을 맺었다. 다양한 히어로들의 스토리가 연결되면서 거대한 서사를 이루었다. 단순한 히어로영화가 마스터피스가 되는 순간이었다. 모든 마블영화들의 스토리가 ...
다 죽음 (스포),like****,"아니아니!!! 왜 다 죽냐고ㅠㅠㅠㅠㅠ 흐어어엉 초반 10분만에 로키 죽고, 뭐드라 그 토르 절친도 죽고마지막에  닥터도 죽고 홀랜드(스파이더맨) 도 죽는데 스타크한테 ""나 죽기 싫어요 토니""ㅠㅠ 이러고 죽는데 뭐냐고ㅠㅠㅠㅠㅠㅠㅠㅠㅠ..."
미래에서 왔습니다. 어벤져스4 스토리 알려드려요.(스포조심),rmsd****,"먼저 스포조심이라고 올려놨으니까 바로 본론으로 들어가겠습니다.어벤져스4의 전체적 스토리는 시간여행입니다.2018년도에는 마블 유니버스에서 어벤져스3 : 인피니티 워, 앤트맨 앤 와스프 이렇게 2가지 영화가 개봉을 앞두고 있습니다...."
미래에서 왔습니다.,uuzo****,"  1. 스타크가 인피니티 건틀렛을 니다벨리르에서 직접 만들기로 합니다. 2. 앤트맨의 양자영역 기술을 통해 와스프, 그리고 어벤져스3에서 살아남은 멤버들이 과거로 갑니다. 3. 토르와 캡틴 마블이 만나게 됩니다. 4. 캡틴아메리카는 묠..."
""" 이런분들은 영화관람을 삼가해주세요 """,ljw4****,애초에 마블에 관심없거나 그냥 대세라길래 영화한편 봐볼까??하는분들은 차라리 제발 보지마세요 옆동네에 다른 영화들 보세요보통 재미없다 기대보다 별로다 하는분들 보면인피티니워 이후로 그냥 남들보는 영화 따라보고싶어서전편 시...
[re] 어벤져스 엔드게임이 졸작인 이유. 나의 1년의 기다림을 망침.,jaeh****,많이 기대하셨을건데 실망하셨다니 아쉽네요.전 재밌게 봤는데 님도 재밌게 봤으면 좋았을듯 싶은데...전체적으로 영화를 받아들이시는 관점이 현실적인 가능성에 많이 염두를 두시는데그럴거면 SF or 히어로 무비는 안 보시는거 추천 할...
[후기]어벤져스: 정말 엔드라서 다행,goog****,트랜스포머: 최후의 기사보다는 조금 나았다러닝타임 길어서 혹시나 했는데 역시나였고 로건처럼 러닝 길다고 몰입감까지 쩔었던건 아니었다근데 어벤저스 광팬들은 뭐 만족할지 모르겠지만 영화 자체를 좋아하는 사람들에겐 이건 뭐 액션...
스포) 이딴게 루소가 만든거라고? 이게 어벤져스라고???,elle****,.......하....정말 대한민국 대중의 우매함을 또 목격한다일단 영화가 개판이라 하나둘씩 설명할건데 열받으면 내글 읽지말고 꺼져1. 타임패러독스장난하나 마블? 보다가 진짜 개 어이 없어서 속이 부글부글 했는데초반 브루스 배너가 타...
반쪽짜리 영화,guse****," 인피니티워 파트1, 2 중 파트2에 해당하는 영화. 제목을 바꿔 파트1은 그냥 인피니티워로 파트2는 아직 제목이 확정 되지 않은 상태. 인피니티워는 확실히 반쪽 영화.스토리상으로도 중간에서 끊길 뿐만 아니라빌런 입장에서도 히어로 입..."
1년만에 돌아온 영화 평론가 (팬분들에게 죄송합니다..),byeo****,여러분 안녕하십니까 위대한 쇼맨으로 데뷔했던 영화평론가가 복귀했습니다먼저 어벤져스 감독과 친분이 있어서 내용은 다 알지만 영화법 4조 5항 영화 관계자가 영화 개봉 전 시나리오나영화의 일부를 대중매체에 공개 시 벌금 5천만원 ...
"외국영화 어벤져스: 엔드게임 (Avengers: Endgame, 2019) 티저 예고편 - 한글 자막",koda****,"어벤져스: 엔드게임 (Avengers: Endgame, 2019) 티저 예고편 - 한글 자막출처 : https://tv.naver.com/v/4725480Avengers: Endgame | 어벤져스: 엔드게임  연출: 앤소니 루소, 조 루소 각본: 크리스토퍼 마커스, 스티븐 맥피리 출연: 로버..."
"어벤져스 앤드게임, 그러면 그렇지.. ",dlwl****,진짜... 개노잼...보다가 몇번을 졸았고.. 대체 언제끝나나 하면서엉댕이만 수십번 뒤척인듯아래부터 존나 걍 다 스포 ㅋ일단 캡틴마블 때문에 이 영화 보려고 하는 사람 있으면개뜯어말리고싶음분량 까메오보다 못한 수준.. 너구리보다 ...
감정적으로도 뛰어난 터치를 보여준 <어벤져스: 엔드게임>,zigm****,<어벤져스>시리즈의 마지막 작품이자 11년간 마블 시네마틱 유니버스(MCU)를 이끌어온 온 슈퍼히어로들과의 작별인사 <어벤져스: 엔드게임>이 24일 찾아왔다.2008년 <아이언맨>을 시작으로 22편에 달하는 긴 세계관을 ...
"어벤져스: 엔드게임 (Avengers: Endgame, 2019), 그 짧은 소감",soul****,"        어벤져스: 엔드게임      감독   안소니 루소, 조 루소   출연   로버트 다우니 주니어, 크리스 에반스, 크리스 헴스워스, 마크 러팔로, 스칼렛 요한슨, 제레미 레너, 폴 러드, 돈 ...   개봉   2019.04.24. 미국   평점         ..."
어벤져스:엔드게임 스포없는 감상평,s556****,개인적으로 역대 어벤져스 시리즈 중에 가장 재미있는 시리즈라고 생각 되어는 어벤져스:엔드게임을 스포를 당하기 전에 드디어 보고 왔습니다.             스타군단이 총 출동하는 그야말로 끝장 시리즈가 아니었나 생각 되어 집니다.  ...
어벤져스 : 엔드게임 // 그들은 우리이다.,anot****, 어벤져스 : 엔드게임 2019어벤져스 멤버들이 타노스를 이기기 위해서 넘어야 할 산은 총 두개였다. 하나는 인피니티 스톤을 모으는 것. 또 다른 하나는 타노스 일당들과 싸우는 것. 첫번째 산인 인피니티 스톤을 구하는 동안 재밌게도 소...
과거에서 왔습니다,gkfn****,현재 2015년입니다존나 아바타 4도 아니고어벤져스2 개봉하기까지 22일 남았습니다.22일 후에 2가 개봉하고그리고 4년후엔 이영화가 개봉하겠죠그때되면 배우들이 점점 늙어서 액션하기 힘들듯..로다주가 벌써 50임그때되면 54이네이거 시...
[스포주의] 영화 속 말이 안되는 설정,summ****,스포일러가 있기 때문에 노출되지 않도록 가림막으로 사용하는 문장. 스포일러가 있기 때문에 노출되지 않도록 가림막으로 사용하는 문장.스포일러가 있기 때문에 노출되지 않도록 가림막으로 사용하는 문장.스포일러가 있기 때문에 노출...
방금보고 후기남김 명불허전 엔드게임(절대스포안함)!!,good****,오전 11시 40분 상영작으로 방금 보고 왔다총 상영시간은 2시간 50분정도이고(실제 3시간은 아님) 쿠키영상은 없다 전체적으로 전편 스토리랑 자연스럽게 연결되고 각본도  잘 짜여져 있어서 뭔가 안정된 느낌이 강했고 중간중간   코믹요...
정말 정직한 리뷰 ★★★★★,next****,아빠!머스타드 2!...지~지지직...눈부셔!누구?...다 정리했다.난 균형자다.댕강!...내게 희망을 주지마.네가 필요해....그를 만나기 힘들거에요.맥주가 어딨더라....거기 누구 없어요?...아기 앤트맨?누가 내 바지에......그게 필요해요....
정말 최고네요 꼭봐주시길 바랍니다.,qsf6****,"Act 1.???- 캡틴 마블, 고립된 아이언맨과 함께 지구 도착- 살아남은 멤버들과 함께 타노스가 있는 행성으로 감.- 타노스 팔 짤리고, 목짤리고 사망 (토르가 죽임)   Act 2.???- 5년후, 아이언맨 + 페퍼포츠가 한적한 곳에서, 딸과함께 살..."
안 본 사람을 위한 리뷰. '최선의 영화'였습니다. 최대한 즐기시길 바라서 적어봅니다.,gauk****,"설정 오류에 실망하여 영화를 즐기지 못할 분이 적어지길 바라서 쓴 글입니다.부디 많은 분이 편견 없이, 까다로운 눈높이 없이, 이 영화를 최대한 즐기시길 바랍니다.요점은 '대부분의 설정 오류는 의도된 것이니, 괜히 찾지 말고 감독의..."
"월드타워 21관 , 4/30(화) 21:45분 D13번 앉아서 본 중딩새끼",jinu****,영화보기전에 숱한 스포들을 피해서 첫주 용아맥 예매실패하고 동네에 큰관이라 하길래 월드타워 갔는데(와이드하긴 하더라 ㅋㅋ 그래도 용아맥이 더 거대한느낌?)옆자리 중딩새끼의 1초전 대사스포는 막질못했다.혼잣말인지 옆자리 애비...
제발 영화관에서 조용히 좀 보자,wnsg****,아무리 자기 돈 내고 영화보는 곳이라지만 너만 돈 내고 영화 보는 게 아니다필자는 어벤져스 4dx 3d를 시청하러 갔는데 시작부터가 가관이었다옆자리에 만유인력이 강하실 거 같은 여성분이 한 분 앉으셨는데영화가 시작할 때부터 떡볶이...
소울스톤을 찾아서...,idso****,나는 그장소에 갔다.소울스톤을 얻을수 있다는..(이름은 모르겠다)빨간 해골바가지가 말했다니가 사랑하는 것을 그곳에 버려야 소울 스톤을 얻을수 있지..내가 사랑하는거 ?음..뭘 버릴까..한참을 생각하던 나는..이건 내가 가장 아끼는 ...
어벤져스 엔드게임 보기 전 꼭 기억해야 되는 점!,pure****, 여유를 두고 보려고 했습니다. 하지만 정말 못 참겠더군요. 여러 군데에서 스포를 막는다 하더라도 계속되어 귀에 들리는 이야기. 어벤져스 엔드게임 스포를 내 힘으로 다 막을 수 없으니 차라리 빠른 시일 내 영화를 보는 것이 맞겠다는...
[ *** 다들 그랬다! 아이언맨 처음 나왔을 때 *** ],newh****,"2008년 아이언맨 1처음 나왔을 때로다주가 누군지도 몰랐고 '마블 히어로'라는 개념도 일반 대중에겐 없었던 그 때는( 그때까진 국내에서 히어로하면 슈퍼맨 배트맨 스파이더맨~ 굳이 마블 DC 따지지 않음)다들 그랬다."" 그냥 볼 만한 SF..."
캡틴 마블이 밸런스를 말아먹었다.,help****,영화 구성과 진행은 마블영화답게 재미있었는데너무 아쉬웠던게 캡틴마블 혼자 너무 쌔서 밸런스를 다 말아먹으면서 재미가 확 줄었어요.그렇게 고대하던 마지막 전투에서 스톤이 없음에도 불구하고 전혀 밀리지 않는타노스 진영에 어벤져...
[영화 리뷰] [스포 없음] 어벤져스 : 엔드 게임,gkal****,"        어벤져스: 엔드게임      감독   안소니 루소, 조 루소   출연   로버트 다우니 주니어, 크리스 에반스, 크리스 헴스워스, 마크 러팔로, 스칼렛 요한슨,...   개봉   2019.04.24. 미국   평점                         리뷰보기  ..."
새로운 마블 역사를 위한 영화,redb****," 영화보는 내내 중반까지는 몰입하기가 좀 어려웠고, 블랙위도우, 호크아이의 내면 연기는 최고였습니다. 기대가 커서 아쉬움이 너무 컸습니다. 인피니티워의 액션씬이 더 좋게 느껴졌습니다. 다만 다음 영화들을 위한 준비, 사랑받고 고..."
마블빠들 수준 알만하다 ㅋㅋㅋ,goli****,느금 마사로 개연성 파고들며 저스티스 리그 욕하던 마블빠들요번 엔드게임 보고 안부끄럽디?그동안 수많은 타임머신 영화를 봐왔지만 난 진짜 한 영화 안에두가지 타임 패러독스를 시전한 영화는 생전 처음 본다ㅋㅋㅋㅋㅋㅋㅋㅋ한 영화 ...
암표까지 나왔다고 해서....,deth****,"나는 원래 이 영화 시리즈에 기대치를 가지고 보지는 않고 킬링타임으로 보는 사람이며, 마블영화는 캡틴마블을 제외하고는 다 본 것 같지만 세세한 내용까지 기억하고 보는 사람은 아닌데....이 영화를 보고 느낀 점은, 그냥 간단한 내용..."
액션물이 아닌 중년들의 휴먼 드라마/미국판 족보 캐기,sain****,"한마디로~제목처럼 아줌마, 배불뚝이 중년 어벤저스들이 펼치는 전혀 감동적이지 않은 인간 휴먼 드라마다.이미 알바들이 '조아요'집중 등록으로 깔긴 했지만, 액션도 아니고 휴먼 드라마라고도 할수 없고, 과일도 아닌 채소도 아닌 마치 ..."
정말 지루하다 언론에서 하도 띄워서 가봤는데..,huma****,난 언론에서 왜이리 호들갑인지 모르겟따.. 정말 지루하다.. 이걸 돈주고 봐야 한다고 생각하니..보기전과 보고한뒤에 관객들 반응 기대가 컸는데 정말 실망이다..극장에서 몇번이나 들었다..정말 돈이 아깝다언론과 영화사 그리고 포탈과...
액션물이 아닌 중년들의 휴먼 드라마/미국판 족보 캐기,sain****,"한마디로~제목처럼 아줌마, 배불뚝이 중년 어벤저스들이 펼치는 전혀 감동적이지 않은 인간 휴먼 드라마다.이미 알바들이 '조아요'집중 등록으로 깔긴 했지만, 액션도 아니고 휴먼 드라마라고도 할수 없고, 과일도 아닌 채소도 아닌 마치 ..."
제목을 변경한 [어벤져스: 인피니티 워] ,gate****,"​[어벤져스: 인피니티 워] 2부작이 더 이상 파트 1과 파트 2라는 제목으로 불리지 않게 될 것이라고 합니다. [어벤져스: 인피니티 워 Part I]의 제목은 '파트 1'이 빠진 [어벤져스: 인피니티 워]가 되고, [어벤저스: 인피니티 워 파..."
Ongoing Issues: The Infinity Gauntlet & the Marvel Cinematic Universe (Spoilers),jm9e****,Ongoing Issues: The Infinity Gauntlet & the Marvel Cinematic Universe (Spoilers)https://youtu.be/FIiN-vNLd-E동영상Ongoing Issues: The Infinity Gauntlet & the Marvel Cinematic Universe (Sp...After seeing Guardians ...
"""마블"" ""어벤저스""에 놀아나는 대한민국",bund****," 엔드게임을 보고 얼마나 졸리고 지루했는지 터무니없는 거품 홍보에 속았다는 생각만 든다.영화가 시작하고 2시간 넘게 이어지는 지루함과 밋밋함은 이런 걸 보려고 그 난리를 치는 건지역시 ""마블""의 기가 막힌 상업적 흥행 전략은 대단..."
[IMAX 3D] 어벤져스 : 엔드게임,ddff****,　★★★★★★!!!!!!!!!!!!!!!!!!!!!!!!!!!!!!!! ㅠㅠㅠㅠㅠㅠㅠㅠㅠㅠㅠ 〓〓〓〓〓〓〓〓〓〓〓〓〓〓〓〓〓〓〓〓〓〓〓〓〓〓〓〓〓〓〓〓〓〓〓〓〓〓〓〓〓〓〓〓〓 2019 / 04 / 24  (수) 10 :30 - 13 :41CGV 의정부 IMAX관 H 18조...
어벤져스 엔드게임 + 쿠키영상,kami****,어벤져스 엔드게임 + 쿠키영상영화는 그냥 최고입니다!! 요즘 볼 영화가 없어서 오랬만에 갔어요조조할인으로 보고왔는데사람들 북적거리는거 오랜만이었습니다.그리고 마블 SNS에서 소식이 왔습니다.죽은자와 산자아마 영웅들을 나눈거 ...
"어벤져스 엔드게임 나타샤,블랙위도우 소울스톤",extr****,<경고 : 아래 글은 ‘어벤져스 : 엔드게임’의 스포일러를 포함하고 있습니다. 스포일러를 원하지 않는 분은 영화 감상 후 글을 읽기 바랍니다.>어벤져스 멤버들은 서로 팀을 나눠서 과거로 스톤을 찾으러 간다.소울스톤은 블랙위도...
"'마블의 아버지' 스탠 리 별세, 향년 97세",c106****,"     스파이더맨, 헐크, 아이언맨, 데어데블, 엑스맨, 판타스틱 포, 닥터 스트레인지, 블랙 팬서 등 수많은 마블 캐릭터들을 (단독 혹은 공동으로) 창조한 '마블의 아버지' 스탠 리 마블 명예회장이 작고하셨다는 소식입니다.     1922년 ..."
"어벤져스: 엔드게임 (Avengers: Endgame, 2019)",kott****,아이언맨이 2008년부터 시작되었으니 여기까지 오기에 10년이 넘게 걸렸다. 3시간이 넘는 영화는 사실 이 스토리의 끝이라기 보다는 팬서비스를 위한 영화에 가깝다. 새로운 이야기 전개처럼 보이는 포장지를 걷어내면 이전 장면들의 재탕...
"아디오스, 내 영웅들!  : 영화 <어벤져스: 엔드게임> 후기 (스포有) ",siat****,"아디오스, 내 영웅들!  : 영화 <어벤져스: 엔드게임> 후기 (스포有) -영화 '어벤져스: 엔드게임' 줄거리/ 리뷰/ 스포/ 결말-장르 : 액션, 드라마, 판타지, SF감독 : 안소니 루소,                                               조..."
"아이언맨의 딸 모건 스타크, 제발 자신을 향한 악플을 멈춰달라고 간청하다",c106****,"     <어벤져스: 엔드게임>에서 토니 스타크의 딸, 모건 스타크로 출연해 ""3,000만큼 사랑해!!""라는 유행어를 남긴 아역 배우 렉시 레이브가 본인과 본인의 가족을 향해 쏟아지고 있는 무차별적인 악플을 제발 멈춰달라고 간청했다..."
[양성희의 시시각각] BTS와 ‘어벤져스’,deli****,입력 2019-05-11 00:20:02                                                                  양성희 논설위원         지금 놀라운 두 문화 현상을 보고 있다. 전지구적으로 성공하며 문화사를 바꾸고 있다. 변방의 아이돌로 서구 주류...
<★ 최고!> 모조리 다 나왔다! 최고의 어벤저스! [배우중심 Charley 무비] 어벤져스: 엔드게임,char****,비전 역인 폴 베타니 빼고는 모조리 다 나왔다.- 3시간이 어떻게 갔는지 모르겠다. 지루할 틈 없이 쉬지않고 몰아친다. 토니 스타크와 페퍼 포츠의 딸로 나온 알렉산드라 레이브가 너무나 예쁘고 귀여운데 정보가 전혀 없다.   영화 전반...
<어벤져스: 엔드 게임> MUC 12년사의 아름다운 마무리,slee****,"어벤져스: 엔드게임 (Avengers: Endgame, 2019)★★★★★ / ★★★★★- 스포일러 주의 -4월 27일에 보고5월 27일에 리뷰를 쓰다니... 딱 한 달 만이네영화 본 직후엔 감정이 복받치는 것도 있고이것저것 하고 싶은 말은 많은데 시간은 ..."
어벤져스 엔드게임(스포일러 없음),khj7****,"        어벤져스: 엔드게임      감독   안소니 루소, 조 루소   출연   로버트 다우니 주니어, 크리스 에반스, 크리스 헴...   개봉   2019.04.24. 미국      리뷰보기      내가 이걸 영화 개봉 바로 다음 날 아침에 조조로 관람하고 ..."
[어벤져스: 엔드게임] 11년 대장정의 마무리 또 다른 시작. [스포주의],onep****,"        어벤져스: 엔드게임      감독   안소니 루소, 조 루소   출연   로버트 다우니 주니어, 크리스 에반스, 크리스 헴스워스, 마크 러팔로, 스칼렛 요한슨, 제레미 레너, 폴 러드, 돈 ...   개봉   2019.04.24. 미국   평점         ..."
어벤져스 엔드게임,sour****,"        어벤져스: 엔드게임      감독   안소니 루소, 조 루소   출연   로버트 다우니 주니어, 크리스 에반스, 크리스 헴스워스, 마크 러팔로, 스칼렛 요한슨, ...   개봉   2019.04.24. 미국   평점                         리뷰보기 ..."
[어벤져스 - 엔드게임] 모든 것이 일상의 삶으로....,pjw1****,"[어벤져스 - 엔드게임] 모든 것이 일상의 삶으로....[출처 : 구글, 검색어 : 어벤져스]10년간의 세월이 흘러 어느덧 어벤져스도 대단원의 막을 내리게 되었다. 정말로 이것이 끝인지 아닌지는 알 수가 없다. 항상 끝은 또 다른 시작을 의..."
[영화리뷰] 어벤져스: 엔드게임 (3000만큼 그리울 히어로들 feat.약간의 스포),theh****,"        어벤져스: 엔드게임          감독     안소니 루소, ...    출연     로버트 다우니 주니어, 크리스 에반스, 크리스 ...   개봉   2019.04....                 리뷰보기       기대하던 어벤져스의 마지막 엔드게임.러닝타임이 ..."
어벤져스 : 엔드게임,grae****,한줄 평 : Thank You. Hero's. Thank you. Avengers.스포일러는 없습니다. 스포일러를 찾아 오신 분은 뒤로 가기를 눌러주세요.드디어 10년을 쌓아온 대단원의 막이 내렸습니다. 하고 싶은 말은 한줄평에서 다 해버려서 더 이상 할 말은 ...
"[영화] 어벤져스: 엔드게임 (Avengers: Endgame, 2019) ",msky****,"        어벤져스: 엔드게임      감독   안소니 루소, 조 루소   출연   로버트 다우니 주니어, 크리스 에반스, 크리스 헴스워스, 마크 러팔로, 스칼렛 요한슨, 제레미 레너, 폴 러드, 돈 ...   개봉   2019.04.24. 미국   평점         ..."
어벤져스 엔드게임 한페이지를 넘긴 마블 히어로들의 대서사시,luvh****,"[뮤아] 드디어 한 페이지를 넘기는 것 같은마블 히어로들의 졸업식 같은 느낌 안녕하세요 : ) 오랜만에 돌아오는 문화 뮤아 중에영화뮤 돌아왔습니다!그동안 여러 영화들을 관람했지만,시간이 없어서라는 거창한 이유로 찾아오질 못했었는..."
"영화추천, 어벤져스:엔드게임 3시간이 눈깜짝할사이에-스포주의",bsj8****," 영화추천, 어벤져스:엔드게임 3시간이 눈깜짝할사이에-스포주의수진아안뇽입니다*^^*요즘 영화보는거에 그닥 재미를 못느껴서 안보고 있었는데요!재밌는 영화 하나둘씩 개봉하는거 같아요보고 싶은 영화들이 많아졌어요오늘은 보고 싶던 ..."
[임섭/영화] 어벤져스 : 엔드 게임,a164****,"           어벤져스: 엔드게임      감독   안소니 루소, 조 루소   출연   로버트 다우니 주니어, 크리스 에반스, 크리스 헴스워스, 마크 러팔로, 스칼렛 요한슨, 제레미 레너, 폴 러드, 돈 ...   개봉   2019.04.24. 미국          리..."
[어벤져스: 엔드게임] 3000만큼 사랑한다,el00****,"   어벤져스: 엔드게임리뷰보기     감독   안소니 루소, 조 루소   출연   로버트 다우니 주니어, 크리스 에...            장르 : 액션, SF국적 : 미국시간 : 181분개봉 : 2019.04.24감독 : 안소니 루소, 조 루소한 시대가 끝났다.짧지 ..."
[ 어벤져스: 엔드게임 ] 어벤져스 세대 교체,blue****,이번에 어벤져스 엔드게임이 개봉하면서 다들 떠득썩하죠. 스포일러도 많이 돌아다니고 있고ㅋㅋㅋ 아마 지금쯤이면 영화를 안 본 사람 중에서 영화 내용을 모르는 사람은 거의 없지 않을까 싶습니다. 저는 다행이 스포를 당하지 않고 영...
영화 : 어벤져스 엔드게임 ( 마블 슈퍼히어로들의 이별?),dhys****,"일일 100만명 관객을 부르는 영화 ‘어벤져스 엔드게임’ 국내 최대 관객 영화 ‘명량’기록과  경쟁도 흥미롭다. 국내에 슈퍼 히어로들 미국 영화는 여러 편이 소개되었다.마블 코믹스에서 엑스맨, 판타스틱 포와 더불어 가장 유명한 슈..."
내생각에 네뷸라는 배신할듯,tess****,내생각에 어벤져스4에서 네뷸라는 배신한다. 인피니티워 볼때마다 네뷸라 미심쩍은게 한두가지가 아니다. 잡혀있다가 너무 쉽게 풀려난것도 그렇고 일부러 스타로드를 자극시켜 스타로드는 폭주해서 깽판치는데 말릴 생각조차 않는다. 그...
어벤져스4편 스토리 예상합니다.,rmsd****, 먼저 스포조심이라고 올려놨으니까 바로 본론으로 들어가겠습니다.일단 어벤져스4의 전체적 스토리는 시간여행입니다.여기서 어벤져스4에 대한 스토리 예상이 2가지가 되는데첫번쨰로는 2018년도에는 마블 유니버스에서 어벤져스3 : 인피...
어벤져스4 전에 꼭 봐야 할 것들!!!,myki****,영화를 제대로 보시려면 마블 시네마틱 유니버스에 대해 공부하셔야 겠죠!!그래서 M.C.U. 세계관에 대해 깔끔하고 정확하게 소개해 드리겠습니다.01 Captain America : The First Avenger (2011.07.19)02 AGENT CARTER. SEASON 1 (2015.01...
진짜 어벤져스 시리즈중 역대급이다,jung****,이번 어벤져스는 진짜 대박임. 내용이 엄청많음. 완다와 비전의 사랑이야기 & 영웅들이 싸우는 장소가 달라서 정신없음 & 오지는게 스케일은 진짜 역대급임 결론:스타로드 개XX 타노스는 진짜 자비도 없는놈이고 토르가 진짜 신이...
예측 잘하는 분 계십니까.,sage****," 오늘 인피니티 워 를 보고 결말에 충격을 먹고는 바로 코믹스를 구입해서 봤습니다.그런데...'인피니티 워' 가 파트1 이라는 기준으로 보면 결말이 깔금하긴 하지만, 이거 왠걸...영화 마지막 장면이...타노스가 농부되는 코믹스 결말 장..."
아 열받게 하네...러닝타임이 3시간?,best****, 고작 3시간? 4시간인줄알고 기대했는데 3시간밖에 안하는거 진짜 마블 일안하네 실화임?어차피 스크린 엄청 깔아줄텐데 관객수 얼마나 모아제낄라고 3시간밖에 상영안하는거임?하 열받네 고심끝에 점수 깍고 깍아서 별5개만준다 짜증난다...
안녕하세요 .2016에서 왔습니다.,k814****, 2019년이면 아마 전 못볼것같네요...왜냐고요>?지금 고3이거든요 이때쯤이면 전 22살이니까 삽질하고있겠죠 ㅜㅜㅜㅜㅜ 인피니티1도 ....그땐 이병일겁니다...그래도 인피니티2개봉할땐 상병정도 되있겠구나.. 병장인가?ㅎㅎㅎ 빨리 ...
유튜브에 어느정도 간략적인 전개가 나와있네요,i974****," 유튜브에 시간여행, 인피니티 스톤 복제라는 간략적인 얘기가 있네요..............................................................................................................................................................."
어벤져스4 마음에 안드는점.txt(스포일러),kxov****, 스포일러 방지스포일러 방지스포일러 방지스포일러 방지스포일러 방지스포일러 방지스포일러 방지스포일러 방지스포일러 방지스포일러 방지스포일러 방지스포일러 방지스포일러 방지스포일러 방지스포일러 방지스포일러 방지스포일러 방...
미래에서 왔다.,gold****,"이 영화는, 마블의 'One of all'인 스탠 리가 마지막으로 직접 참여하는 어벤져스 영화다.이 후에는 스탠 리가 노쇠해서 나오질 않아. 꼭 봐라.글구 여기서 아이언맨 2세캡틴 아메리카 -> 캡틴 마블쉬 헐크토르 -> 여친 토르 등의 ..."
진짜 앤드게임 그자체..,qogm****, 마지막에 울컥해서 눈물나올뻔.. 앤드게임 그자체 이제 다음 어떻게 진행될지도 궁금하네요 스포하자면 타노스짐 어벤져스 이김 ㅋㅋㅋㅋㅋㅋㅋㅋㅋㅋㅋㅋㅋㅋㅋㅋㅋ아.......... 스포하고싶다............................................
끝내준다... 핵소름...,muvi****,"원래 마블팬이지만,, 정말 이번편은 엔드게임 이름에 걸맞는다.. 전편도 최고였지만 전편을 능가하고, 잘 짜여진 각본에 어느정도 예상된 내용도 있었지만, 장면이 끝내주고, 긴장감 최고... 스포가 없어 더 기대하고 볼 수 있길... 아이..."
내가 반전 예언 한번 해볼께...,ehpt****,아무도 다시 안살아남.아무도 다시 안살아남.아무도 다시 안살아남.아무도 다시 안살아남.아무도 다시 안살아남.아무도 다시 안살아남.아무도 다시 안살아남.아무도 다시 안살아남.아무도 다시 안살아남.아무도 다시 안살아남.아무도 다시...
유종의미를 거둔 어벤저스 시리즈 최고의 작품이자 마지막 작품,tlsg****,이번작품이 마지막인지 모르고 가서 봤습니다우선 전작들과는 다르게 유머러스함에 힘을 좀 줬더군요어벤저스 시리즈 중에서 가장 많이 웃은 작품인것 같습니다3시간 가는지도 모르게 몰입해서 봤고 시리즈 작품중 이번작이 가히 최고라 ...
과거에서 왓습니다,blue****, 아직 2년 남았네요. 어떻게 기다리나 참;;;;;어렵습니다만기다리다보면 나이 먹어 있겟고영화개봉하면 재미나게 관람하고 감탄하면 되는거지요후후후 하하하 히히히 헤헤헤 호호호어련히 잘 만들겟지요 뭐 잘할꺼라 믿어요개봉하면 보러 ...
과거에서 왔습니다ㅏ,back****,여기 고삼하나 추가요ㅋㅋㅋ 수능일지 취업일지 모르겠습니다만 과연 영화 볼수나 있을까요 ㅋㅋㅋ코믹스 내용이 뭔지 1도 모르는 마알못이지만 영화는 바로바로 보는 여자입니다ㅠㅠㅠ가끔 무시하는거 보면 너무 마음이 아프요ㅠㅠㅠ코믹...
