Brand,Like,Price,Product
쿠어," 1,355",239000,울 트렌치 코트 (베이지)
모드나인," 1,906",102000,Night Rain - MOD7 crop
모드나인," 8,004",98000,Punk Town - MOD4 crop
쿠어, 29,109000,20SS 탑필 캐시미어 라운드 니트 (라이트그레이)
쿠어, 42,77000,20SS 탑필 울 라운드 니트 (웜샌드)
쿠어, 13,109000,20SS 탑필 캐시미어 라운드 니트 (블랙)
쿠어, 12,109000,20SS 탑필 캐시미어 라운드 니트 (크림)
쿠어, 14,77000,20SS 탑필 울 라운드 니트 (더스티그린)
쿠어, 13,109000,20SS 탑필 캐시미어 라운드 니트 (블루그레이)
쿠어, 184,239000,울 트렌치 코트 (블랙)
무신사 스탠다드," 23,514",77000,베이식 블레이저 [블랙]
쿠어, 21,77000,20SS 탑필 울 라운드 니트 (블루그레이)
쿠어, 19,109000,20SS 탑필 울 라운드 니트 (옐로우)
쿠어, 8,109000,20SS 탑필 캐시미어 라운드 니트 (크림베이지)
쿠어, 13,77000,20SS 탑필 캐시미어 라운드 니트 (오트밀)
쿠어, 16,78000,20SS 탑필 울 라운드 니트 (블랙)
브랜디드," 22,662",77000,1931 OBJECT JEANS [CROP STRAIGHT]
쿠어, 14,109000,20SS 탑필 울 라운드 니트 (크림)
쿠어, 6,109000,20SS 탑필 캐시미어 라운드 니트 (아쿠아덜)
쿠어, 11,109000,20SS 탑필 캐시미어 라운드 니트 (그레이시더스티그린)
쿠어, 4,259000,20SS 탑필 캐시미어 라운드 니트 (아보카도)
메종미네드," 2,331",109000,(4차 REORDER)BLACK OVER MA-1
쿠어, 5,109000,20SS 탑필 캐시미어 라운드 니트 (딥블루그레이)
쿠어, 3,239000,20SS 탑필 캐시미어 라운드 니트 (미드나잇블루)
무신사 스탠다드," 19,546",77000,테이퍼드 히든 밴딩 크롭 슬랙스 [블랙]
쿠어, 257,139000,울 트렌치 코트 (다크네이비)
커버낫," 13,699",140000,CORDURA AUTHENTIC LOGO RUCK SACK BLACK
쿠어, 14,109000,20SS 탑필 울 라운드 니트 (그레이)
아디다스," 15,716",109000,BW 독일군 스니커즈 - 화이트 / BZ0579
노스페이스," 7,634",189000,빅 샷 백팩_NM2DL04A
무신사 스탠다드," 15,333",135000,세미 와이드 히든 밴딩 슬랙스 [블랙]
쿠어, 2,49000,20SS 탑필 캐시미어 라운드 니트 (핑크)
쿠어, 3,77000,20SS 탑필 캐시미어 라운드 니트 (네오민트)
드로우핏," 7,100",77000,오버사이즈 트렌치 코트 [BEIGE]
모디파이드," 12,786",77000,[20 S/S] M1665 글렌체크 싱글 블레이져
토피," 20,629",77000,와이드 데님 팬츠 (LIGHT BLUE)
쿠어, 5,92000,20SS 탑필 울 라운드 니트 (모카)
쿠어, 6,94000,20SS 탑필 울 라운드 니트 (라이트애쉬블루)
쿠어, 7,109000,20SS 탑필 울 라운드 니트 (스카이블루)
제멋," 1,614",109000,리치 오버 MA-1 자켓 블랙 YHJK2269
쿠어, 8,61200,20SS 탑필 울 라운드 니트 (다크브라운)
컨버스," 9,382",94000,척 70 클래식 블랙 162050C
라퍼지스토어," 21,421",77000,[Unisex]버핑레더 라이더자켓
쿠어, 6,89000,20SS 탑필 캐시미어 라운드 니트 (브라운)
쿠어, 3,189000,20SS 탑필 캐시미어 라운드 니트 (모카)
브렌슨," 13,038",119000,[패키지] Errday 루즈핏 헤비기모 맨투맨
로맨틱 파이어리츠, 616,89000,C.r.e.a.m Overfit Sweatshirt (Black)
네이키드니스," 12,141",58000,ABSOLUTE BACKPACK / BLACK
쿠어, 7,288000,20SS 탑필 울 라운드 니트 (터콰이즈)
세븐셀라," 11,669",229000,20SS [무신사 단독특가] 미니멀 스탠다드 카고조거 슬랙스
반스," 16,515",77000,올드스쿨 - 블랙 / VN000D3HY281
드로우핏," 2,813",109000,오버사이즈 트렌치 코트 [BLACK]
플랙," 8,157",77000,KURZ B14 RAW 블랙 크롭진
피스워커," 9,923",99000,Mine worker ST Develop / NewCrop
비바스튜디오," 3,186",109000,LOCATION CREWNECK JS [IVORY]
비바스튜디오," 5,577",89000,CLASSIC RIDERS JACKET JS [BLACK]
무신사 스탠다드," 1,948",135000,오버사이즈 블레이저 [블랙]
엄브로," 2,464",119000,DANKER (댄커) 블랙 (U0123CBP17)
아페쎄, 178,295000,Daniela Shopping Bag
쿠어, 466,88000,벨티드 울 트렌치 코트 (베이지)
